slug,documentType,publishing_app,orgs,editionsFormattedOrg,rainbow_team
/acoustic-neuroma-and-driving,answer,publisher,Driver and Vehicle Licensing Agency,driver-and-vehicle-licensing-agency,Red
/ad-daliad-treth-cerbyd,answer,publisher,Driver and Vehicle Licensing Agency,driver-and-vehicle-licensing-agency,Red
/adding-higher-categories-to-your-driving-licence,answer,publisher,Driver and Vehicle Licensing Agency,driver-and-vehicle-licensing-agency,Red
/adhd-and-driving,answer,publisher,Driver and Vehicle Licensing Agency,driver-and-vehicle-licensing-agency,Red
/adi-criminal-record-disclosure,answer,publisher,Driver and Vehicle Standards Agency,driver-and-vehicle-standards-agency,Red
/adi-part-1-test,guide,publisher,Driver and Vehicle Standards Agency,driver-and-vehicle-standards-agency,Red
/adi-part-1-test/hazard-perception-test,guide,publisher,Driver and Vehicle Standards Agency,driver-and-vehicle-standards-agency,Red
/adi-part-1-test/if-you-have-reading-difficulties,guide,publisher,Driver and Vehicle Standards Agency,driver-and-vehicle-standards-agency,Red
/adi-part-1-test/multiple-choice-questions,guide,publisher,Driver and Vehicle Standards Agency,driver-and-vehicle-standards-agency,Red
/adi-part-1-test/pass-mark-and-result,guide,publisher,Driver and Vehicle Standards Agency,driver-and-vehicle-standards-agency,Red
/adi-part-1-test/revision-practice,guide,publisher,Driver and Vehicle Standards Agency,driver-and-vehicle-standards-agency,Red
/adi-part-1-test/what-to-take,guide,publisher,Driver and Vehicle Standards Agency,driver-and-vehicle-standards-agency,Red
/adi-part-1-test/when-you-arrive-at-the-test-centre,guide,publisher,Driver and Vehicle Standards Agency,driver-and-vehicle-standards-agency,Red
/adi-part-2-test,guide,publisher,Driver and Vehicle Standards Agency,driver-and-vehicle-standards-agency,Red
/adi-part-2-test/car-rules,guide,publisher,Driver and Vehicle Standards Agency,driver-and-vehicle-standards-agency,Red
/adi-part-2-test/faults-test-result,guide,publisher,Driver and Vehicle Standards Agency,driver-and-vehicle-standards-agency,Red
/adi-part-2-test/test-cancelled-bad-weather,guide,publisher,Driver and Vehicle Standards Agency,driver-and-vehicle-standards-agency,Red
/adi-part-2-test/what-happens-during-test,guide,publisher,Driver and Vehicle Standards Agency,driver-and-vehicle-standards-agency,Red
/adi-part-2-test/what-to-take,guide,publisher,Driver and Vehicle Standards Agency,driver-and-vehicle-standards-agency,Red
/adi-part-3-test,guide,publisher,Driver and Vehicle Standards Agency,driver-and-vehicle-standards-agency,Red
/adi-part-3-test/car-rules,guide,publisher,Driver and Vehicle Standards Agency,driver-and-vehicle-standards-agency,Red
/adi-part-3-test/test-cancelled-bad-weather,guide,publisher,Driver and Vehicle Standards Agency,driver-and-vehicle-standards-agency,Red
/adi-part-3-test/test-result,guide,publisher,Driver and Vehicle Standards Agency,driver-and-vehicle-standards-agency,Red
/adi-part-3-test/what-happens-during-test,guide,publisher,Driver and Vehicle Standards Agency,driver-and-vehicle-standards-agency,Red
/adi-part-3-test/what-to-take,guide,publisher,Driver and Vehicle Standards Agency,driver-and-vehicle-standards-agency,Red
/adi-standards-check,guide,publisher,Driver and Vehicle Standards Agency,driver-and-vehicle-standards-agency,Red
/adi-standards-check/book-adi-standards-check,guide,publisher,Driver and Vehicle Standards Agency,driver-and-vehicle-standards-agency,Red
/adi-standards-check/old-adi-check-test-grades,guide,publisher,Driver and Vehicle Standards Agency,driver-and-vehicle-standards-agency,Red
/adi-standards-check/what-happens-at-the-standards-check,guide,publisher,Driver and Vehicle Standards Agency,driver-and-vehicle-standards-agency,Red
/adi-standards-check/what-to-take-to-your-standards-check,guide,publisher,Driver and Vehicle Standards Agency,driver-and-vehicle-standards-agency,Red
/adi-standards-check/your-standards-check-grade,guide,publisher,Driver and Vehicle Standards Agency,driver-and-vehicle-standards-agency,Red
/adnewyddu-trwydded-lori-bws-coets,guide,publisher,Driver and Vehicle Licensing Agency,driver-and-vehicle-licensing-agency,Red
/adnewyddu-trwydded-lori-bws-coets/45-neu-drosodd,guide,publisher,Driver and Vehicle Licensing Agency,driver-and-vehicle-licensing-agency,Red
/adnewyddu-trwydded-yrru,answer,publisher,Driver and Vehicle Licensing Agency,driver-and-vehicle-licensing-agency,Red
/adnewyddu-trwydded-yrru-feddygol,transaction,publisher,Driver and Vehicle Licensing Agency,driver-and-vehicle-licensing-agency,Red
/adnewyddu-trwydded-yrru-yn-70-oed,transaction,publisher,Driver and Vehicle Licensing Agency,driver-and-vehicle-licensing-agency,Red
/adrodd-cerbyd-heb-ei-drethu,answer,publisher,Driver and Vehicle Licensing Agency,driver-and-vehicle-licensing-agency,Red
/affordable-home-ownership-schemes,answer,publisher,"Ministry of Housing, Communities and Local Government",ministry-of-housing-communities-local-government,Red
/after-flood,answer,publisher,Environment Agency,environment-agency,Red
/agoraphobia-and-driving,answer,publisher,Driver and Vehicle Licensing Agency,driver-and-vehicle-licensing-agency,Red
/agricultural-skills-and-training,answer,publisher,"Department for Environment, Food & Rural Affairs",department-for-environment-food-rural-affairs,Red
/agricultural-survey,transaction,publisher,"Department for Environment, Food & Rural Affairs",department-for-environment-food-rural-affairs,Red
/agricultural-workers-rights,guide,publisher,"Department for Environment, Food & Rural Affairs | Department for Work and Pensions",department-for-environment-food-rural-affairs | department-for-work-pensions,Blue | Red
/agricultural-workers-rights/agricultural-tenancies,guide,publisher,"Department for Environment, Food & Rural Affairs | Department for Work and Pensions",department-for-environment-food-rural-affairs | department-for-work-pensions,Blue | Red
/agricultural-workers-rights/changes,guide,publisher,"Department for Environment, Food & Rural Affairs | Department for Work and Pensions",department-for-environment-food-rural-affairs | department-for-work-pensions,Blue | Red
/agricultural-workers-rights/gangmasters,guide,publisher,"Department for Environment, Food & Rural Affairs | Department for Work and Pensions",department-for-environment-food-rural-affairs | department-for-work-pensions,Blue | Red
/agricultural-workers-rights/grades-and-categories,guide,publisher,"Department for Environment, Food & Rural Affairs | Department for Work and Pensions",department-for-environment-food-rural-affairs | department-for-work-pensions,Blue | Red
/agricultural-workers-rights/pay-and-overtime,guide,publisher,"Department for Environment, Food & Rural Affairs | Department for Work and Pensions",department-for-environment-food-rural-affairs | department-for-work-pensions,Blue | Red
/agricultural-workers-rights/what-counts-as-an-agricultural-worker,guide,publisher,"Department for Environment, Food & Rural Affairs | Department for Work and Pensions",department-for-environment-food-rural-affairs | department-for-work-pensions,Blue | Red
/ailymgeisio-trwydded-yrru-cyflwr-meddygol,guide,publisher,Driver and Vehicle Licensing Agency,driver-and-vehicle-licensing-agency,Red
/ailymgeisio-trwydded-yrru-cyflwr-meddygol/pryd-y-gallwch-ddechrau-gyrru-eto,guide,publisher,Driver and Vehicle Licensing Agency,driver-and-vehicle-licensing-agency,Red
/alcohol-problems-and-driving,answer,publisher,Driver and Vehicle Licensing Agency,driver-and-vehicle-licensing-agency,Red
/alzheimers-disease-and-driving,answer,publisher,Driver and Vehicle Licensing Agency,driver-and-vehicle-licensing-agency,Red
/amputations-and-driving,answer,publisher,Driver and Vehicle Licensing Agency,driver-and-vehicle-licensing-agency,Red
/aneurysm-and-driving,answer,publisher,Driver and Vehicle Licensing Agency,driver-and-vehicle-licensing-agency,Red
/angina-and-driving,answer,publisher,Driver and Vehicle Licensing Agency,driver-and-vehicle-licensing-agency,Red
/angioma-and-driving,answer,publisher,Driver and Vehicle Licensing Agency,driver-and-vehicle-licensing-agency,Red
/animal-disease-testing,transaction,publisher,"Animal and Plant Health Agency | Department for Environment, Food & Rural Affairs",animal-and-plant-health-agency | department-for-environment-food-rural-affairs,Red
/ankylosing-spondylitis-and-driving,answer,publisher,Driver and Vehicle Licensing Agency,driver-and-vehicle-licensing-agency,Red
/anxiety-and-driving,answer,publisher,Driver and Vehicle Licensing Agency,driver-and-vehicle-licensing-agency,Red
/aortic-stenosis-and-driving,answer,publisher,Driver and Vehicle Licensing Agency,driver-and-vehicle-licensing-agency,Red
/apelio-dirwy-dvla,answer,publisher,Driver and Vehicle Licensing Agency,driver-and-vehicle-licensing-agency,Red
/appeal-against-a-penalty-charge-notice,guide,publisher,HM Courts & Tribunals Service | Highways England,highways-england | hm-courts-and-tribunals-service,Blue | Red
/appeal-against-a-penalty-charge-notice/appeal-fails,guide,publisher,HM Courts & Tribunals Service | Highways England,highways-england | hm-courts-and-tribunals-service,Blue | Red
/appeal-against-a-penalty-charge-notice/court-order,guide,publisher,HM Courts & Tribunals Service | Highways England,highways-england | hm-courts-and-tribunals-service,Blue | Red
/appeal-against-a-penalty-charge-notice/out-of-time,guide,publisher,HM Courts & Tribunals Service | Highways England,highways-england | hm-courts-and-tribunals-service,Blue | Red
/appeal-decision-about-tree-order,guide,publisher,Planning Inspectorate,planning-inspectorate,Red
/appeal-decision-about-tree-order/after-you-appeal,guide,publisher,Planning Inspectorate,planning-inspectorate,Red
/appeal-decision-about-tree-order/how-to-appeal,guide,publisher,Planning Inspectorate,planning-inspectorate,Red
/appeal-decision-about-tree-order/if-you-disagree-with-the-appeal-decision,guide,publisher,Planning Inspectorate,planning-inspectorate,Red
/appeal-decision-consent-display-advertisement,guide,publisher,Planning Inspectorate,planning-inspectorate,Red
/appeal-decision-consent-display-advertisement/after-you-appeal,guide,publisher,Planning Inspectorate,planning-inspectorate,Red
/appeal-decision-consent-display-advertisement/comment-on-an-appeal,guide,publisher,Planning Inspectorate,planning-inspectorate,Red
/appeal-decision-consent-display-advertisement/how-to-appeal,guide,publisher,Planning Inspectorate,planning-inspectorate,Red
/appeal-decision-consent-display-advertisement/if-you-disagree-with-the-appeal-decision,guide,publisher,Planning Inspectorate,planning-inspectorate,Red
/appeal-driving-instructor-registration-decision,answer,publisher,Driver and Vehicle Standards Agency | HM Courts & Tribunals Service,driver-and-vehicle-standards-agency | hm-courts-and-tribunals-service,Blue | Red
/appeal-dvla-fine,answer,publisher,Driver and Vehicle Licensing Agency,driver-and-vehicle-licensing-agency,Red
/appeal-enforcement-notice,guide,publisher,Planning Inspectorate,planning-inspectorate,Red
/appeal-enforcement-notice/after-you-appeal,guide,publisher,Planning Inspectorate,planning-inspectorate,Red
/appeal-enforcement-notice/comment-on-an-appeal,guide,publisher,Planning Inspectorate,planning-inspectorate,Red
/appeal-enforcement-notice/how-to-appeal,guide,publisher,Planning Inspectorate,planning-inspectorate,Red
/appeal-enforcement-notice/if-you-disagree-with-the-appeal-decision,guide,publisher,Planning Inspectorate,planning-inspectorate,Red
/appeal-hedgerow-notice,guide,publisher,Planning Inspectorate,planning-inspectorate,Red
/appeal-hedgerow-notice/after-you-appeal,guide,publisher,Planning Inspectorate,planning-inspectorate,Red
/appeal-hedgerow-notice/comment-on-an-appeal,guide,publisher,Planning Inspectorate,planning-inspectorate,Red
/appeal-hedgerow-notice/how-to-appeal,guide,publisher,Planning Inspectorate,planning-inspectorate,Red
/appeal-hedgerow-notice/if-you-disagree-with-the-appeal-decision,guide,publisher,Planning Inspectorate,planning-inspectorate,Red
/appeal-high-hedges-decision,guide,publisher,Planning Inspectorate,planning-inspectorate,Red
/appeal-high-hedges-decision/after-you-appeal,guide,publisher,Planning Inspectorate,planning-inspectorate,Red
/appeal-high-hedges-decision/how-to-appeal,guide,publisher,Planning Inspectorate,planning-inspectorate,Red
/appeal-high-hedges-decision/if-you-disagree-with-the-appeal-decision,guide,publisher,Planning Inspectorate,planning-inspectorate,Red
/appeal-householder-planning-decision,guide,publisher,Planning Inspectorate,planning-inspectorate,Red
/appeal-householder-planning-decision/after-you-appeal,guide,publisher,Planning Inspectorate,planning-inspectorate,Red
/appeal-householder-planning-decision/comment-on-an-appeal,guide,publisher,Planning Inspectorate,planning-inspectorate,Red
/appeal-householder-planning-decision/how-long-you-have-to-appeal,guide,publisher,Planning Inspectorate,planning-inspectorate,Red
/appeal-householder-planning-decision/if-you-think-the-appeal-decision-is-legally-incorrect,guide,publisher,Planning Inspectorate,planning-inspectorate,Red
/appeal-householder-planning-decision/make-an-appeal,guide,publisher,Planning Inspectorate,planning-inspectorate,Red
/appeal-lawful-development-certificate-decision,guide,publisher,Planning Inspectorate,planning-inspectorate,Red
/appeal-lawful-development-certificate-decision/after-you-appeal,guide,publisher,Planning Inspectorate,planning-inspectorate,Red
/appeal-lawful-development-certificate-decision/comment-on-an-appeal,guide,publisher,Planning Inspectorate,planning-inspectorate,Red
/appeal-lawful-development-certificate-decision/how-to-appeal,guide,publisher,Planning Inspectorate,planning-inspectorate,Red
/appeal-lawful-development-certificate-decision/if-you-disagree-with-the-appeal-decision,guide,publisher,Planning Inspectorate,planning-inspectorate,Red
/appeal-listed-building-consent-decision,guide,publisher,Planning Inspectorate,planning-inspectorate,Red
/appeal-listed-building-consent-decision/after-you-appeal,guide,publisher,Planning Inspectorate,planning-inspectorate,Red
/appeal-listed-building-consent-decision/comment-on-an-appeal,guide,publisher,Planning Inspectorate,planning-inspectorate,Red
/appeal-listed-building-consent-decision/how-to-appeal,guide,publisher,Planning Inspectorate,planning-inspectorate,Red
/appeal-listed-building-consent-decision/if-you-disagree-with-the-appeal-decision,guide,publisher,Planning Inspectorate,planning-inspectorate,Red
/appeal-minor-commercial-development-decision,guide,publisher,Planning Inspectorate,planning-inspectorate,Red
/appeal-minor-commercial-development-decision/after-you-appeal,guide,publisher,Planning Inspectorate,planning-inspectorate,Red
/appeal-minor-commercial-development-decision/comment-on-an-appeal,guide,publisher,Planning Inspectorate,planning-inspectorate,Red
/appeal-minor-commercial-development-decision/how-to-appeal,guide,publisher,Planning Inspectorate,planning-inspectorate,Red
/appeal-minor-commercial-development-decision/if-you-disagree-with-the-appeal-decision,guide,publisher,Planning Inspectorate,planning-inspectorate,Red
/appeal-parking-fine,local_transaction,publisher,Department for Transport,department-for-transport,Red
/appeal-planning-decision,guide,publisher,Planning Inspectorate,planning-inspectorate,Red
/appeal-planning-decision/after-you-appeal,guide,publisher,Planning Inspectorate,planning-inspectorate,Red
/appeal-planning-decision/comment-on-an-appeal,guide,publisher,Planning Inspectorate,planning-inspectorate,Red
/appeal-planning-decision/how-long-you-have-to-appeal,guide,publisher,Planning Inspectorate,planning-inspectorate,Red
/appeal-planning-decision/if-you-think-the-appeal-decision-is-legally-incorrect,guide,publisher,Planning Inspectorate,planning-inspectorate,Red
/appeal-planning-decision/make-an-appeal,guide,publisher,Planning Inspectorate,planning-inspectorate,Red
/appeal-planning-inspectorate,answer,publisher,Planning Inspectorate,planning-inspectorate,Red
/appeal-right-of-way-decision,guide,publisher,Planning Inspectorate,planning-inspectorate,Red
/appeal-right-of-way-decision/after-you-appeal,guide,publisher,Planning Inspectorate,planning-inspectorate,Red
/appeal-right-of-way-decision/comment-on-an-appeal,guide,publisher,Planning Inspectorate,planning-inspectorate,Red
/appeal-right-of-way-decision/how-to-appeal,guide,publisher,Planning Inspectorate,planning-inspectorate,Red
/appeal-right-of-way-decision/if-you-disagree-with-the-decision,guide,publisher,Planning Inspectorate,planning-inspectorate,Red
/apply-allotment,local_transaction,publisher,"Ministry of Housing, Communities and Local Government",ministry-of-housing-communities-local-government,Red
/apply-approval-book-pupil-motorcycle-vocational-adi-tests,answer,publisher,Driver and Vehicle Standards Agency,driver-and-vehicle-standards-agency,Red
/apply-blue-badge,transaction,publisher,Department for Transport,department-for-transport,Red
/apply-company-tachograph-card,transaction,publisher,Driver and Vehicle Licensing Agency,driver-and-vehicle-licensing-agency,Red
/apply-council-tax-reduction,local_transaction,publisher,"HM Revenue & Customs | Ministry of Housing, Communities and Local Government",hm-revenue-customs | ministry-of-housing-communities-local-government,Green | Red
/apply-direct-payments,local_transaction,publisher,Department for Work and Pensions | Department of Health and Social Care,department-for-work-pensions | department-of-health-and-social-care,Blue | Red
/apply-disabled-facilities-grant,local_transaction,publisher,"Ministry of Housing, Communities and Local Government",ministry-of-housing-communities-local-government,Red
/apply-driver-digital-tachograph-card,answer,publisher,Driver and Vehicle Licensing Agency,driver-and-vehicle-licensing-agency,Red
/apply-dropped-kerb,local_transaction,publisher,Department for Transport,department-for-transport,Red
/apply-electric-vehicle-chargepoint-grant,answer,publisher,Driver and Vehicle Licensing Agency | Office for Low Emission Vehicles,driver-and-vehicle-licensing-agency | office-for-low-emission-vehicles,Red
/apply-emergency-driving-test,answer,publisher,Driver and Vehicle Standards Agency,driver-and-vehicle-standards-agency,Red
/apply-first-approved-driving-instructor-adi-badge,transaction,publisher,Driver and Vehicle Standards Agency,driver-and-vehicle-standards-agency,Red
/apply-first-provisional-driving-licence,answer,publisher,Driver and Vehicle Licensing Agency,driver-and-vehicle-licensing-agency,Red
/apply-for-a-trainee-driving-instructor-licence,transaction,publisher,Driver and Vehicle Standards Agency,driver-and-vehicle-standards-agency,Red
/apply-for-council-housing,local_transaction,publisher,"Ministry of Housing, Communities and Local Government",ministry-of-housing-communities-local-government,Red
/apply-for-council-tax-discount,local_transaction,publisher,"Ministry of Housing, Communities and Local Government",ministry-of-housing-communities-local-government,Red
/apply-for-disabled-bus-pass,local_transaction,publisher,Department for Transport,department-for-transport,Red
/apply-for-elderly-person-bus-pass,local_transaction,publisher,Department for Transport,department-for-transport,Red
/apply-for-help-to-build-equity-loan,guide,publisher,Homes England,homes-england,Red
/apply-for-help-to-build-equity-loan/make-a-complaint,guide,publisher,Homes England,homes-england,Red
/apply-for-northern-ireland-pet-travel-document,transaction,publisher,"Animal and Plant Health Agency | Department for Environment, Food & Rural Affairs | Department of Agriculture, Environment and Rural Affairs (Northern Ireland)",animal-and-plant-health-agency | department-for-environment-food-rural-affairs | department-of-agriculture-environment-and-rural-affairs-northern-ireland,Green | Red
/apply-for-photo-id-voter-authority-certificate,transaction,publisher,"Ministry of Housing, Communities and Local Government",ministry-of-housing-communities-local-government,Red
/apply-for-sheltered-housing,local_transaction,publisher,"Ministry of Housing, Communities and Local Government",ministry-of-housing-communities-local-government,Red
/apply-for-your-full-driving-licence,answer,publisher,Driver and Vehicle Licensing Agency | Driver and Vehicle Standards Agency,driver-and-vehicle-licensing-agency | driver-and-vehicle-standards-agency,Red
/apply-funding-community-project,local_transaction,publisher,"Ministry of Housing, Communities and Local Government",ministry-of-housing-communities-local-government,Red
/apply-hold-street-party,local_transaction,publisher,"Ministry of Housing, Communities and Local Government",ministry-of-housing-communities-local-government,Red
/apply-home-equipment-for-disabled,local_transaction,publisher,"Ministry of Housing, Communities and Local Government",ministry-of-housing-communities-local-government,Red
/apply-immigration-health-surcharge-refund,guide,publisher,Department of Health and Social Care | UK Visas and Immigration,department-of-health-and-social-care | uk-visas-and-immigration,Red | Yellow
/apply-immigration-health-surcharge-refund/healthcare-setting,guide,publisher,Department of Health and Social Care | UK Visas and Immigration,department-of-health-and-social-care | uk-visas-and-immigration,Red | Yellow
/apply-immigration-health-surcharge-refund/tier-2-visa-medical-professional,guide,publisher,Department of Health and Social Care | UK Visas and Immigration,department-of-health-and-social-care | uk-visas-and-immigration,Red | Yellow
/apply-land-registration-tribunal,guide,publisher,HM Courts & Tribunals Service | HM Land Registry,hm-courts-and-tribunals-service | land-registry,Blue | Red
/apply-land-registration-tribunal/apply-to-the-tribunal,guide,publisher,HM Courts & Tribunals Service | HM Land Registry,hm-courts-and-tribunals-service | land-registry,Blue | Red
/apply-land-registration-tribunal/being-referred-to-the-tribunal,guide,publisher,HM Courts & Tribunals Service | HM Land Registry,hm-courts-and-tribunals-service | land-registry,Blue | Red
/apply-land-registration-tribunal/if-you-lose-your-case,guide,publisher,HM Courts & Tribunals Service | HM Land Registry,hm-courts-and-tribunals-service | land-registry,Blue | Red
/apply-land-registration-tribunal/legislation-and-previous-decisions,guide,publisher,HM Courts & Tribunals Service | HM Land Registry,hm-courts-and-tribunals-service | land-registry,Blue | Red
/apply-land-registration-tribunal/what-happens-at-the-hearing,guide,publisher,HM Courts & Tribunals Service | HM Land Registry,hm-courts-and-tribunals-service | land-registry,Blue | Red
/apply-marine-licence,transaction,publisher,Marine Management Organisation,marine-management-organisation,Red
/apply-medal-or-veterans-badge,guide,publisher,Ministry of Defence,ministry-of-defence,Red
/apply-medal-or-veterans-badge/apply-for-a-medal,guide,publisher,Ministry of Defence,ministry-of-defence,Red
/apply-medal-or-veterans-badge/apply-for-a-uk-merchant-navy-medal,guide,publisher,Ministry of Defence,ministry-of-defence,Red
/apply-medal-or-veterans-badge/apply-for-a-uk-merchant-seafarers-veterans-badge,guide,publisher,Ministry of Defence,ministry-of-defence,Red
/apply-medal-or-veterans-badge/apply-for-information-about-medal,guide,publisher,Ministry of Defence,ministry-of-defence,Red
/apply-medal-or-veterans-badge/if-you-want-to-appeal-or-complain,guide,publisher,Ministry of Defence,ministry-of-defence,Red
/apply-medal-or-veterans-badge/replace-a-medal,guide,publisher,Ministry of Defence,ministry-of-defence,Red
/apply-motorcycle-approval,transaction,publisher,Driver and Vehicle Standards Agency,driver-and-vehicle-standards-agency,Red
/apply-needs-assessment-social-services,local_transaction,publisher,Department of Health and Social Care,department-of-health-and-social-care,Red
/apply-postal-vote,transaction,publisher,"Ministry of Housing, Communities and Local Government",ministry-of-housing-communities-local-government,Red
/apply-proxy-vote,transaction,publisher,"Ministry of Housing, Communities and Local Government",ministry-of-housing-communities-local-government,Red
/apply-short-term-care-for-child,local_transaction,publisher,Department of Health and Social Care,department-of-health-and-social-care,Red
/apply-student-immigration-health-surcharge-refund,transaction,publisher,Department of Health and Social Care | NHS Business Services Authority,department-of-health-and-social-care | nhs-business-services-authority,Red
/apply-swap-homes-council,local_transaction,publisher,"Ministry of Housing, Communities and Local Government",ministry-of-housing-communities-local-government,Red
/apply-to-become-a-driving-instructor,simple_smart_answer,publisher,Driver and Vehicle Standards Agency,driver-and-vehicle-standards-agency,Red
/apply-vehicle-approval,transaction,publisher,Driver and Vehicle Licensing Agency | Driver and Vehicle Standards Agency,driver-and-vehicle-licensing-agency | driver-and-vehicle-standards-agency,Red
/apply-vehicle-operator-licence,guide,publisher,Driver and Vehicle Standards Agency | Traffic Commissioners for Great Britain,driver-and-vehicle-standards-agency | traffic-commissioners,Red
/apply-vehicle-operator-licence/advertising-your-application,guide,publisher,Driver and Vehicle Standards Agency | Traffic Commissioners for Great Britain,driver-and-vehicle-standards-agency | traffic-commissioners,Red
/apply-vehicle-operator-licence/after-you-apply,guide,publisher,Driver and Vehicle Standards Agency | Traffic Commissioners for Great Britain,driver-and-vehicle-standards-agency | traffic-commissioners,Red
/apply-vehicle-operator-licence/apply-for-a-licence,guide,publisher,Driver and Vehicle Standards Agency | Traffic Commissioners for Great Britain,driver-and-vehicle-standards-agency | traffic-commissioners,Red
/apply-vehicle-operator-licence/financial-evidence,guide,publisher,Driver and Vehicle Standards Agency | Traffic Commissioners for Great Britain,driver-and-vehicle-standards-agency | traffic-commissioners,Red
/apply-vehicle-operator-licence/vehicles-that-are-exempt,guide,publisher,Driver and Vehicle Standards Agency | Traffic Commissioners for Great Britain,driver-and-vehicle-standards-agency | traffic-commissioners,Red
/apply-vehicle-operator-licence/your-organisation-and-team,guide,publisher,Driver and Vehicle Standards Agency | Traffic Commissioners for Great Britain,driver-and-vehicle-standards-agency | traffic-commissioners,Red
/apply-vehicle-operator-licence/your-vehicles,guide,publisher,Driver and Vehicle Standards Agency | Traffic Commissioners for Great Britain,driver-and-vehicle-standards-agency | traffic-commissioners,Red
/apply-vehicle-test-certificate-coach-bus,transaction,publisher,Driver and Vehicle Standards Agency,driver-and-vehicle-standards-agency,Red
/apply-vehicle-test-certificate-lorry-trailer,transaction,publisher,Driver and Vehicle Standards Agency,driver-and-vehicle-standards-agency,Red
/apply-work-home-conservation-area,local_transaction,publisher,"Ministry of Housing, Communities and Local Government",ministry-of-housing-communities-local-government,Red
/apply-work-on-protected-tree,local_transaction,publisher,"Ministry of Housing, Communities and Local Government",ministry-of-housing-communities-local-government,Red
/apply-youth-opportunity-funding,local_transaction,publisher,"Ministry of Housing, Communities and Local Government",ministry-of-housing-communities-local-government,Red
/applying-for-probate,guide,publisher,HM Courts & Tribunals Service | HM Land Registry | HM Revenue & Customs,hm-courts-and-tribunals-service | hm-revenue-customs | land-registry,Blue | Green | Red
/applying-for-probate/after-youve-applied,guide,publisher,HM Courts & Tribunals Service | HM Land Registry | HM Revenue & Customs,hm-courts-and-tribunals-service | hm-revenue-customs | land-registry,Blue | Green | Red
/applying-for-probate/apply-for-probate,guide,publisher,HM Courts & Tribunals Service | HM Land Registry | HM Revenue & Customs,hm-courts-and-tribunals-service | hm-revenue-customs | land-registry,Blue | Green | Red
/applying-for-probate/before-you-apply,guide,publisher,HM Courts & Tribunals Service | HM Land Registry | HM Revenue & Customs,hm-courts-and-tribunals-service | hm-revenue-customs | land-registry,Blue | Green | Red
/applying-for-probate/fees,guide,publisher,HM Courts & Tribunals Service | HM Land Registry | HM Revenue & Customs,hm-courts-and-tribunals-service | hm-revenue-customs | land-registry,Blue | Green | Red
/applying-for-probate/if-theres-a-will,guide,publisher,HM Courts & Tribunals Service | HM Land Registry | HM Revenue & Customs,hm-courts-and-tribunals-service | hm-revenue-customs | land-registry,Blue | Green | Red
/applying-for-probate/if-theres-not-a-will,guide,publisher,HM Courts & Tribunals Service | HM Land Registry | HM Revenue & Customs,hm-courts-and-tribunals-service | hm-revenue-customs | land-registry,Blue | Green | Red
/approved-driving-instructor-adi-development,answer,publisher,Driver and Vehicle Standards Agency,driver-and-vehicle-standards-agency,Red
/approved-driving-instructor-adi-fees,answer,publisher,Driver and Vehicle Standards Agency,driver-and-vehicle-standards-agency,Red
/arachnoid-cyst-and-driving,answer,publisher,Driver and Vehicle Licensing Agency,driver-and-vehicle-licensing-agency,Red
/archebu-prawf-gyrru-theori,transaction,publisher,Driver and Vehicle Standards Agency,driver-and-vehicle-standards-agency,Red
/archebu-prawf-gyrru-ymarferol,transaction,publisher,Driver and Vehicle Standards Agency,driver-and-vehicle-standards-agency,Red
/arddangos-platiau-rhif,guide,publisher,Driver and Vehicle Licensing Agency,driver-and-vehicle-licensing-agency,Red
/arddangos-platiau-rhif/baneri-dynodwyr-a-sticeri,guide,publisher,Driver and Vehicle Licensing Agency,driver-and-vehicle-licensing-agency,Red
/arddangos-platiau-rhif/rheolau-ar-gyfer-platiau-rhif,guide,publisher,Driver and Vehicle Licensing Agency,driver-and-vehicle-licensing-agency,Red
/arddangos-platiau-rhif/trefnu-i-blatiau-rhif-gael-eu-gwneud,guide,publisher,Driver and Vehicle Licensing Agency,driver-and-vehicle-licensing-agency,Red
/armed-forces-pension-calculator,answer,publisher,Ministry of Defence | Service Personnel and Veterans Agency | Veterans UK,ministry-of-defence | service-personnel-and-veterans-agency | veterans-uk,Red
/armed-forces-redundancy-calculator,transaction,publisher,"Department for Business and Trade | Department for Business, Energy & Industrial Strategy | Department for Work and Pensions | HM Revenue & Customs | Ministry of Defence",department-for-business-and-trade | department-for-business-energy-and-industrial-strategy | department-for-work-pensions | hm-revenue-customs | ministry-of-defence,Blue | Green | Red
/aros-yn-eiddo-eich-partner-pan-fyddwch-yn-ysgaru-neun-gwahanu,guide,publisher,HM Land Registry,land-registry,Red
/aros-yn-eiddo-eich-partner-pan-fyddwch-yn-ysgaru-neun-gwahanu/gwneud-cais-os-ywr-eiddo-yn-ddigofrestredig,guide,publisher,HM Land Registry,land-registry,Red
/aros-yn-eiddo-eich-partner-pan-fyddwch-yn-ysgaru-neun-gwahanu/gwneud-cais-os-ywr-eiddo-yn-gofrestredig,guide,publisher,HM Land Registry,land-registry,Red
/arrhythmia-and-driving,answer,publisher,Driver and Vehicle Licensing Agency,driver-and-vehicle-licensing-agency,Red
/arteriovenous-malformation-and-driving,answer,publisher,Driver and Vehicle Licensing Agency,driver-and-vehicle-licensing-agency,Red
/arthritis-and-driving,answer,publisher,Driver and Vehicle Licensing Agency,driver-and-vehicle-licensing-agency,Red
/asbestos-in-home,local_transaction,publisher,"Ministry of Housing, Communities and Local Government",ministry-of-housing-communities-local-government,Red
/assured-periodic-tenancies-tenants,guide,publisher,"Ministry of Housing, Communities and Local Government",ministry-of-housing-communities-local-government,Red
/assured-periodic-tenancies-tenants/how-to-end-your-tenancy,guide,publisher,"Ministry of Housing, Communities and Local Government",ministry-of-housing-communities-local-government,Red
/assured-periodic-tenancies-tenants/if-you-want-a-pet-to-live-with-you,guide,publisher,"Ministry of Housing, Communities and Local Government",ministry-of-housing-communities-local-government,Red
/assured-periodic-tenancies-tenants/if-your-landlords-wants-to-end-your-tenancy,guide,publisher,"Ministry of Housing, Communities and Local Government",ministry-of-housing-communities-local-government,Red
/assured-periodic-tenancies-tenants/rent-and-other-payments,guide,publisher,"Ministry of Housing, Communities and Local Government",ministry-of-housing-communities-local-government,Red
/assured-periodic-tenancies-tenants/rent-in-advance-and-deposits,guide,publisher,"Ministry of Housing, Communities and Local Government",ministry-of-housing-communities-local-government,Red
/assured-periodic-tenancies-tenants/rent-increases,guide,publisher,"Ministry of Housing, Communities and Local Government",ministry-of-housing-communities-local-government,Red
/assured-periodic-tenancies-tenants/rental-bidding,guide,publisher,"Ministry of Housing, Communities and Local Government",ministry-of-housing-communities-local-government,Red
/assured-tenancy-agreements-a-guide-for-landlords,guide,publisher,"Ministry of Housing, Communities and Local Government",ministry-of-housing-communities-local-government,Red
/assured-tenancy-agreements-a-guide-for-landlords/dealing-with-antisocial-behaviour,guide,publisher,"Ministry of Housing, Communities and Local Government",ministry-of-housing-communities-local-government,Red
/assured-tenancy-agreements-a-guide-for-landlords/ending-a-tenancy,guide,publisher,"Ministry of Housing, Communities and Local Government",ministry-of-housing-communities-local-government,Red
/assured-tenancy-agreements-a-guide-for-landlords/if-a-tenant-wants-a-pet-to-live-with-them,guide,publisher,"Ministry of Housing, Communities and Local Government",ministry-of-housing-communities-local-government,Red
/assured-tenancy-agreements-a-guide-for-landlords/if-your-tenant-wants-to-leave,guide,publisher,"Ministry of Housing, Communities and Local Government",ministry-of-housing-communities-local-government,Red
/assured-tenancy-agreements-a-guide-for-landlords/rent-and-other-payments,guide,publisher,"Ministry of Housing, Communities and Local Government",ministry-of-housing-communities-local-government,Red
/assured-tenancy-agreements-a-guide-for-landlords/rent-in-advance-and-deposits,guide,publisher,"Ministry of Housing, Communities and Local Government",ministry-of-housing-communities-local-government,Red
/assured-tenancy-agreements-a-guide-for-landlords/rent-increases,guide,publisher,"Ministry of Housing, Communities and Local Government",ministry-of-housing-communities-local-government,Red
/assured-tenancy-agreements-a-guide-for-landlords/rental-bidding,guide,publisher,"Ministry of Housing, Communities and Local Government",ministry-of-housing-communities-local-government,Red
/assured-tenancy-agreements-a-guide-for-landlords/written-information-you-need-to-give-to-your-tenant,guide,publisher,"Ministry of Housing, Communities and Local Government",ministry-of-housing-communities-local-government,Red
/ataxia-and-driving,answer,publisher,Driver and Vehicle Licensing Agency,driver-and-vehicle-licensing-agency,Red
/autism-and-driving,answer,publisher,Driver and Vehicle Licensing Agency,driver-and-vehicle-licensing-agency,Red
/automatic-driving-licence-to-manual,answer,publisher,Driver and Vehicle Licensing Agency | Driver and Vehicle Standards Agency,driver-and-vehicle-licensing-agency | driver-and-vehicle-standards-agency,Red
/balloon-angioplasty-leg-and-driving,answer,publisher,Driver and Vehicle Licensing Agency,driver-and-vehicle-licensing-agency,Red
/become-a-driving-instructor,simple_smart_answer,publisher,Driver and Vehicle Standards Agency,driver-and-vehicle-standards-agency,Red
/become-an-lgv-driving-instructor,answer,publisher,Driver and Vehicle Standards Agency,driver-and-vehicle-standards-agency,Red
/become-an-mot-station,guide,publisher,Driver and Vehicle Standards Agency,driver-and-vehicle-standards-agency,Red
/become-an-mot-station/approved-testing-equipment,guide,publisher,Driver and Vehicle Standards Agency,driver-and-vehicle-standards-agency,Red
/become-an-mot-station/meeting-ongoing-standards,guide,publisher,Driver and Vehicle Standards Agency,driver-and-vehicle-standards-agency,Red
/become-an-mot-station/your-application,guide,publisher,Driver and Vehicle Standards Agency,driver-and-vehicle-standards-agency,Red
/become-an-mot-tester,guide,publisher,Driver and Vehicle Standards Agency,driver-and-vehicle-standards-agency,Red
/become-an-mot-tester/annual-training,guide,publisher,Driver and Vehicle Standards Agency,driver-and-vehicle-standards-agency,Red
/become-an-mot-tester/class-3-or-5-mot-tester-training,guide,publisher,Driver and Vehicle Standards Agency,driver-and-vehicle-standards-agency,Red
/become-an-mot-tester/eligibility,guide,publisher,Driver and Vehicle Standards Agency,driver-and-vehicle-standards-agency,Red
/become-an-mot-tester/mot-demonstration-test,guide,publisher,Driver and Vehicle Standards Agency,driver-and-vehicle-standards-agency,Red
/become-an-mot-tester/mot-testing-course,guide,publisher,Driver and Vehicle Standards Agency,driver-and-vehicle-standards-agency,Red
/become-an-mot-tester/returning-to-mot-testing,guide,publisher,Driver and Vehicle Standards Agency,driver-and-vehicle-standards-agency,Red
/become-car-driving-instructor,step_by_step_nav,collections-publisher,Driver and Vehicle Standards Agency,driver-and-vehicle-standards-agency,Red
/become-councillor,answer,publisher,"Ministry of Housing, Communities and Local Government",ministry-of-housing-communities-local-government,Red
/become-dangerous-goods-driver,guide,publisher,Department for Transport | Driver and Vehicle Standards Agency,department-for-transport | driver-and-vehicle-standards-agency,Red
/become-dangerous-goods-driver/add-extra-dangerous-goods-classes-to-your-adr-driver-card,guide,publisher,Department for Transport | Driver and Vehicle Standards Agency,department-for-transport | driver-and-vehicle-standards-agency,Red
/become-dangerous-goods-driver/finding-a-training-course,guide,publisher,Department for Transport | Driver and Vehicle Standards Agency,department-for-transport | driver-and-vehicle-standards-agency,Red
/become-dangerous-goods-driver/getting-replacing-or-updating-your-adr-card,guide,publisher,Department for Transport | Driver and Vehicle Standards Agency,department-for-transport | driver-and-vehicle-standards-agency,Red
/become-dangerous-goods-driver/how-to-qualify,guide,publisher,Department for Transport | Driver and Vehicle Standards Agency,department-for-transport | driver-and-vehicle-standards-agency,Red
/become-dangerous-goods-driver/staying-qualified,guide,publisher,Department for Transport | Driver and Vehicle Standards Agency,department-for-transport | driver-and-vehicle-standards-agency,Red
/become-dangerous-goods-driver/taking-a-test,guide,publisher,Department for Transport | Driver and Vehicle Standards Agency,department-for-transport | driver-and-vehicle-standards-agency,Red
/become-dangerous-goods-driver/taking-a-training-course,guide,publisher,Department for Transport | Driver and Vehicle Standards Agency,department-for-transport | driver-and-vehicle-standards-agency,Red
/become-direct-access-scheme-motorcycle-instructor,guide,publisher,Driver and Vehicle Standards Agency,driver-and-vehicle-standards-agency,Red
/become-direct-access-scheme-motorcycle-instructor/how-to-book-your-assessment,guide,publisher,Driver and Vehicle Standards Agency,driver-and-vehicle-standards-agency,Red
/become-direct-access-scheme-motorcycle-instructor/preparing-for-the-assessment,guide,publisher,Driver and Vehicle Standards Agency,driver-and-vehicle-standards-agency,Red
/become-direct-access-scheme-motorcycle-instructor/what-the-assessment-involves,guide,publisher,Driver and Vehicle Standards Agency,driver-and-vehicle-standards-agency,Red
/become-direct-access-scheme-motorcycle-instructor/what-to-bring-to-your-assessment,guide,publisher,Driver and Vehicle Standards Agency,driver-and-vehicle-standards-agency,Red
/become-direct-access-scheme-motorcycle-instructor/your-assessment-result,guide,publisher,Driver and Vehicle Standards Agency,driver-and-vehicle-standards-agency,Red
/become-dvsa-assessed-cbt-motorcycle-instructor,guide,publisher,Driver and Vehicle Standards Agency,driver-and-vehicle-standards-agency,Red
/become-dvsa-assessed-cbt-motorcycle-instructor/how-to-book-your-assessment,guide,publisher,Driver and Vehicle Standards Agency,driver-and-vehicle-standards-agency,Red
/become-dvsa-assessed-cbt-motorcycle-instructor/preparing-for-the-assessment,guide,publisher,Driver and Vehicle Standards Agency,driver-and-vehicle-standards-agency,Red
/become-dvsa-assessed-cbt-motorcycle-instructor/what-the-assessment-involves,guide,publisher,Driver and Vehicle Standards Agency,driver-and-vehicle-standards-agency,Red
/become-dvsa-assessed-cbt-motorcycle-instructor/what-to-bring-to-your-assessment,guide,publisher,Driver and Vehicle Standards Agency,driver-and-vehicle-standards-agency,Red
/become-dvsa-assessed-cbt-motorcycle-instructor/your-assessment-result,guide,publisher,Driver and Vehicle Standards Agency,driver-and-vehicle-standards-agency,Red
/become-lorry-bus-driver,guide,publisher,Driver and Vehicle Licensing Agency | Driver and Vehicle Standards Agency,driver-and-vehicle-licensing-agency | driver-and-vehicle-standards-agency,Red
/become-lorry-bus-driver/after-youve-qualified,guide,publisher,Driver and Vehicle Licensing Agency | Driver and Vehicle Standards Agency,driver-and-vehicle-licensing-agency | driver-and-vehicle-standards-agency,Red
/become-lorry-bus-driver/applying-for-a-bus-or-lorry-provisional-entitlement,guide,publisher,Driver and Vehicle Licensing Agency | Driver and Vehicle Standards Agency,driver-and-vehicle-licensing-agency | driver-and-vehicle-standards-agency,Red
/become-lorry-bus-driver/driver-cpc-part-1-theory-test,guide,publisher,Driver and Vehicle Licensing Agency | Driver and Vehicle Standards Agency,driver-and-vehicle-licensing-agency | driver-and-vehicle-standards-agency,Red
/become-lorry-bus-driver/driver-cpc-part-2-case-studies-test,guide,publisher,Driver and Vehicle Licensing Agency | Driver and Vehicle Standards Agency,driver-and-vehicle-licensing-agency | driver-and-vehicle-standards-agency,Red
/become-lorry-bus-driver/driver-cpc-part-3a-off-road-test,guide,publisher,Driver and Vehicle Licensing Agency | Driver and Vehicle Standards Agency,driver-and-vehicle-licensing-agency | driver-and-vehicle-standards-agency,Red
/become-lorry-bus-driver/driver-cpc-part-3b-on-road-test,guide,publisher,Driver and Vehicle Licensing Agency | Driver and Vehicle Standards Agency,driver-and-vehicle-licensing-agency | driver-and-vehicle-standards-agency,Red
/become-lorry-bus-driver/driver-cpc-part-4-practical-demonstration-test,guide,publisher,Driver and Vehicle Licensing Agency | Driver and Vehicle Standards Agency,driver-and-vehicle-licensing-agency | driver-and-vehicle-standards-agency,Red
/become-lorry-bus-driver/fees,guide,publisher,Driver and Vehicle Licensing Agency | Driver and Vehicle Standards Agency,driver-and-vehicle-licensing-agency | driver-and-vehicle-standards-agency,Red
/become-lorry-bus-driver/qualify-heavier-trailers,guide,publisher,Driver and Vehicle Licensing Agency | Driver and Vehicle Standards Agency,driver-and-vehicle-licensing-agency | driver-and-vehicle-standards-agency,Red
/become-lorry-bus-driver/requalifying,guide,publisher,Driver and Vehicle Licensing Agency | Driver and Vehicle Standards Agency,driver-and-vehicle-licensing-agency | driver-and-vehicle-standards-agency,Red
/become-lorry-bus-driver/transport-animals,guide,publisher,Driver and Vehicle Licensing Agency | Driver and Vehicle Standards Agency,driver-and-vehicle-licensing-agency | driver-and-vehicle-standards-agency,Red
/become-lorry-bus-driver/when-you-dont-need-driver-cpc,guide,publisher,Driver and Vehicle Licensing Agency | Driver and Vehicle Standards Agency,driver-and-vehicle-licensing-agency | driver-and-vehicle-standards-agency,Red
/become-motorcycle-instructor,simple_smart_answer,publisher,Driver and Vehicle Standards Agency,driver-and-vehicle-standards-agency,Red
/become-transport-manager,guide,publisher,Driver and Vehicle Standards Agency | Traffic Commissioners for Great Britain,driver-and-vehicle-standards-agency | traffic-commissioners,Red
/become-transport-manager/getting-added-to-an-operators-licence,guide,publisher,Driver and Vehicle Standards Agency | Traffic Commissioners for Great Britain,driver-and-vehicle-standards-agency | traffic-commissioners,Red
/become-transport-manager/qualifying-as-a-transport-manager,guide,publisher,Driver and Vehicle Standards Agency | Traffic Commissioners for Great Britain,driver-and-vehicle-standards-agency | traffic-commissioners,Red
/becoming-a-speed-limiter-centre,guide,publisher,Driver and Vehicle Standards Agency,driver-and-vehicle-standards-agency,Red
/becoming-a-speed-limiter-centre/independent-centres,guide,publisher,Driver and Vehicle Standards Agency,driver-and-vehicle-standards-agency,Red
/becoming-a-speed-limiter-centre/sponsored-centres,guide,publisher,Driver and Vehicle Standards Agency,driver-and-vehicle-standards-agency,Red
/being-a-goods-vehicle-operator,guide,publisher,Driver and Vehicle Standards Agency | Traffic Commissioners for Great Britain,driver-and-vehicle-standards-agency | traffic-commissioners,Red
/being-a-goods-vehicle-operator/apply-for-a-licence,guide,publisher,Driver and Vehicle Standards Agency | Traffic Commissioners for Great Britain,driver-and-vehicle-standards-agency | traffic-commissioners,Red
/being-a-goods-vehicle-operator/employing-or-using-drivers,guide,publisher,Driver and Vehicle Standards Agency | Traffic Commissioners for Great Britain,driver-and-vehicle-standards-agency | traffic-commissioners,Red
/being-a-goods-vehicle-operator/exemptions,guide,publisher,Driver and Vehicle Standards Agency | Traffic Commissioners for Great Britain,driver-and-vehicle-standards-agency | traffic-commissioners,Red
/being-a-goods-vehicle-operator/fees-for-goods-vehicle-licences,guide,publisher,Driver and Vehicle Standards Agency | Traffic Commissioners for Great Britain,driver-and-vehicle-standards-agency | traffic-commissioners,Red
/being-a-goods-vehicle-operator/maintaining-your-vehicles,guide,publisher,Driver and Vehicle Standards Agency | Traffic Commissioners for Great Britain,driver-and-vehicle-standards-agency | traffic-commissioners,Red
/being-a-goods-vehicle-operator/make-changes-to-a-licence,guide,publisher,Driver and Vehicle Standards Agency | Traffic Commissioners for Great Britain,driver-and-vehicle-standards-agency | traffic-commissioners,Red
/being-a-goods-vehicle-operator/operating-centres,guide,publisher,Driver and Vehicle Standards Agency | Traffic Commissioners for Great Britain,driver-and-vehicle-standards-agency | traffic-commissioners,Red
/being-a-goods-vehicle-operator/types-of-licence,guide,publisher,Driver and Vehicle Standards Agency | Traffic Commissioners for Great Britain,driver-and-vehicle-standards-agency | traffic-commissioners,Red
/being-a-goods-vehicle-operator/what-happens-if-you-break-the-terms-of-your-licence,guide,publisher,Driver and Vehicle Standards Agency | Traffic Commissioners for Great Britain,driver-and-vehicle-standards-agency | traffic-commissioners,Red
/benign-essential-tremor-and-driving,answer,publisher,Driver and Vehicle Licensing Agency,driver-and-vehicle-licensing-agency,Red
/beth-iw-wneud-os-ywch-cerbyd-wedi-cael-ei-ddwyn,guide,publisher,Driver and Vehicle Licensing Agency | Home Office,driver-and-vehicle-licensing-agency | home-office,Red | Yellow
/beth-iw-wneud-os-ywch-cerbyd-wedi-cael-ei-ddwyn/ad-daliad-treth-cerbyd,guide,publisher,Driver and Vehicle Licensing Agency | Home Office,driver-and-vehicle-licensing-agency | home-office,Red | Yellow
/beth-iw-wneud-os-ywch-cerbyd-wedi-cael-ei-ddwyn/rhif-cofrestru-personol,guide,publisher,Driver and Vehicle Licensing Agency | Home Office,driver-and-vehicle-licensing-agency | home-office,Red | Yellow
/bfpo,guide,publisher,Ministry of Defence,ministry-of-defence,Red
/bfpo/cost,guide,publisher,Ministry of Defence,ministry-of-defence,Red
/bfpo/customs-forms,guide,publisher,Ministry of Defence,ministry-of-defence,Red
/bfpo/enduring-families-free-mail-service,guide,publisher,Ministry of Defence,ministry-of-defence,Red
/bfpo/find-a-bfpo-number,guide,publisher,Ministry of Defence,ministry-of-defence,Red
/bfpo/how-to-address-bfpo-mail,guide,publisher,Ministry of Defence,ministry-of-defence,Red
/bfpo/lost-damaged-delayed,guide,publisher,Ministry of Defence,ministry-of-defence,Red
/bfpo/online-shopping,guide,publisher,Ministry of Defence,ministry-of-defence,Red
/bfpo/what-you-cant-send,guide,publisher,Ministry of Defence,ministry-of-defence,Red
/bipolar-disorder-and-driving,answer,publisher,Driver and Vehicle Licensing Agency,driver-and-vehicle-licensing-agency,Red
/blackouts-and-driving,answer,publisher,Driver and Vehicle Licensing Agency,driver-and-vehicle-licensing-agency,Red
/blood-clots-and-driving,answer,publisher,Driver and Vehicle Licensing Agency,driver-and-vehicle-licensing-agency,Red
/blue-badge-scheme-information-council,local_transaction,publisher,Department for Transport,department-for-transport,Red
/boatmasters-licence,guide,publisher,Maritime and Coastguard Agency,maritime-and-coastguard-agency,Red
/boatmasters-licence/before-you-apply,guide,publisher,Maritime and Coastguard Agency,maritime-and-coastguard-agency,Red
/boatmasters-licence/exemptions,guide,publisher,Maritime and Coastguard Agency,maritime-and-coastguard-agency,Red
/boatmasters-licence/how-to-apply,guide,publisher,Maritime and Coastguard Agency,maritime-and-coastguard-agency,Red
/book-driving-test,transaction,publisher,Driver and Vehicle Standards Agency,driver-and-vehicle-standards-agency,Red
/book-national-driver-offender-retraining-course,transaction,publisher,Department for Transport,department-for-transport,Red
/book-pupil-driving-test,transaction,publisher,Driver and Vehicle Standards Agency,driver-and-vehicle-standards-agency,Red
/book-pupil-theory-test,transaction,publisher,Driver and Vehicle Standards Agency,driver-and-vehicle-standards-agency,Red
/book-theory-test,transaction,publisher,Driver and Vehicle Standards Agency,driver-and-vehicle-standards-agency,Red
/book-your-instructor-theory-test,transaction,publisher,Driver and Vehicle Standards Agency,driver-and-vehicle-standards-agency,Red
/brachial-plexus-and-driving,answer,publisher,Driver and Vehicle Licensing Agency,driver-and-vehicle-licensing-agency,Red
/brain-abscess-cyst-encephalitis-driving,answer,publisher,Driver and Vehicle Licensing Agency,driver-and-vehicle-licensing-agency,Red
/brain-aneurysm-driving,answer,publisher,Driver and Vehicle Licensing Agency,driver-and-vehicle-licensing-agency,Red
/brain-haemorrhage-and-driving,answer,publisher,Driver and Vehicle Licensing Agency,driver-and-vehicle-licensing-agency,Red
/brain-injury-and-driving,answer,publisher,Driver and Vehicle Licensing Agency,driver-and-vehicle-licensing-agency,Red
/brain-tumour-and-driving,answer,publisher,Driver and Vehicle Licensing Agency,driver-and-vehicle-licensing-agency,Red
/bring-pet-to-great-britain,guide,publisher,"Department for Environment, Food & Rural Affairs | Foreign, Commonwealth & Development Office",department-for-environment-food-rural-affairs | foreign-commonwealth-development-office,Blue | Red
/bring-pet-to-great-britain/5-pets-other-animals,guide,publisher,"Department for Environment, Food & Rural Affairs | Foreign, Commonwealth & Development Office",department-for-environment-food-rural-affairs | foreign-commonwealth-development-office,Blue | Red
/bring-pet-to-great-britain/animal-health-certificate-ahc,guide,publisher,"Department for Environment, Food & Rural Affairs | Foreign, Commonwealth & Development Office",department-for-environment-food-rural-affairs | foreign-commonwealth-development-office,Blue | Red
/bring-pet-to-great-britain/coming-back-to-great-britain,guide,publisher,"Department for Environment, Food & Rural Affairs | Foreign, Commonwealth & Development Office",department-for-environment-food-rural-affairs | foreign-commonwealth-development-office,Blue | Red
/bring-pet-to-great-britain/great-britain-pet-health-certificate,guide,publisher,"Department for Environment, Food & Rural Affairs | Foreign, Commonwealth & Development Office",department-for-environment-food-rural-affairs | foreign-commonwealth-development-office,Blue | Red
/bring-pet-to-great-britain/guide-dogs,guide,publisher,"Department for Environment, Food & Rural Affairs | Foreign, Commonwealth & Development Office",department-for-environment-food-rural-affairs | foreign-commonwealth-development-office,Blue | Red
/bring-pet-to-great-britain/help-and-support,guide,publisher,"Department for Environment, Food & Rural Affairs | Foreign, Commonwealth & Development Office",department-for-environment-food-rural-affairs | foreign-commonwealth-development-office,Blue | Red
/bring-pet-to-great-britain/microchip,guide,publisher,"Department for Environment, Food & Rural Affairs | Foreign, Commonwealth & Development Office",department-for-environment-food-rural-affairs | foreign-commonwealth-development-office,Blue | Red
/bring-pet-to-great-britain/pet-passport,guide,publisher,"Department for Environment, Food & Rural Affairs | Foreign, Commonwealth & Development Office",department-for-environment-food-rural-affairs | foreign-commonwealth-development-office,Blue | Red
/bring-pet-to-great-britain/rabies-blood-tests,guide,publisher,"Department for Environment, Food & Rural Affairs | Foreign, Commonwealth & Development Office",department-for-environment-food-rural-affairs | foreign-commonwealth-development-office,Blue | Red
/bring-pet-to-great-britain/rabies-vaccination-and-boosters,guide,publisher,"Department for Environment, Food & Rural Affairs | Foreign, Commonwealth & Development Office",department-for-environment-food-rural-affairs | foreign-commonwealth-development-office,Blue | Red
/bring-pet-to-great-britain/tapeworm-treatment-dogs,guide,publisher,"Department for Environment, Food & Rural Affairs | Foreign, Commonwealth & Development Office",department-for-environment-food-rural-affairs | foreign-commonwealth-development-office,Blue | Red
/bring-pet-to-great-britain/travel-routes-pets,guide,publisher,"Department for Environment, Food & Rural Affairs | Foreign, Commonwealth & Development Office",department-for-environment-food-rural-affairs | foreign-commonwealth-development-office,Blue | Red
/bring-pet-to-great-britain/which-pet-travel-document,guide,publisher,"Department for Environment, Food & Rural Affairs | Foreign, Commonwealth & Development Office",department-for-environment-food-rural-affairs | foreign-commonwealth-development-office,Blue | Red
/bring-your-pet-to-great-britain,step_by_step_nav,collections-publisher,"Animal Health and Veterinary Laboratories Agency | Department for Environment, Food & Rural Affairs | Foreign & Commonwealth Office",animal-health-and-veterinary-laboratories-agency | department-for-environment-food-rural-affairs | foreign-commonwealth-office,Blue | Red
/bringing-food-into-great-britain,guide,publisher,"Animal and Plant Health Agency | Border Force | Department for Environment, Food & Rural Affairs",animal-and-plant-health-agency | border-force | department-for-environment-food-rural-affairs,Red | Yellow
/bringing-food-into-great-britain/check-if-you-need-a-cites-permit,guide,publisher,"Animal and Plant Health Agency | Border Force | Department for Environment, Food & Rural Affairs",animal-and-plant-health-agency | border-force | department-for-environment-food-rural-affairs,Red | Yellow
/bringing-food-into-great-britain/fruit-vegetables-nuts-seeds,guide,publisher,"Animal and Plant Health Agency | Border Force | Department for Environment, Food & Rural Affairs",animal-and-plant-health-agency | border-force | department-for-environment-food-rural-affairs,Red | Yellow
/bringing-food-into-great-britain/if-you-break-the-rules,guide,publisher,"Animal and Plant Health Agency | Border Force | Department for Environment, Food & Rural Affairs",animal-and-plant-health-agency | border-force | department-for-environment-food-rural-affairs,Red | Yellow
/bringing-food-into-great-britain/meat-dairy-fish-animal-products,guide,publisher,"Animal and Plant Health Agency | Border Force | Department for Environment, Food & Rural Affairs",animal-and-plant-health-agency | border-force | department-for-environment-food-rural-affairs,Red | Yellow
/bringing-food-into-great-britain/pet-food,guide,publisher,"Animal and Plant Health Agency | Border Force | Department for Environment, Food & Rural Affairs",animal-and-plant-health-agency | border-force | department-for-environment-food-rural-affairs,Red | Yellow
/bringing-pet-animals-to-great-britain,guide,publisher,"Animal and Plant Health Agency | Border Force | Department for Environment, Food & Rural Affairs",animal-and-plant-health-agency | border-force | department-for-environment-food-rural-affairs,Red | Yellow
/bringing-pet-animals-to-great-britain/endangered-species,guide,publisher,"Animal and Plant Health Agency | Border Force | Department for Environment, Food & Rural Affairs",animal-and-plant-health-agency | border-force | department-for-environment-food-rural-affairs,Red | Yellow
/bringing-pet-animals-to-great-britain/extra-rules,guide,publisher,"Animal and Plant Health Agency | Border Force | Department for Environment, Food & Rural Affairs",animal-and-plant-health-agency | border-force | department-for-environment-food-rural-affairs,Red | Yellow
/bringing-pet-animals-to-great-britain/help,guide,publisher,"Animal and Plant Health Agency | Border Force | Department for Environment, Food & Rural Affairs",animal-and-plant-health-agency | border-force | department-for-environment-food-rural-affairs,Red | Yellow
/bringing-pet-animals-to-great-britain/travelling-from-eu-country,guide,publisher,"Animal and Plant Health Agency | Border Force | Department for Environment, Food & Rural Affairs",animal-and-plant-health-agency | border-force | department-for-environment-food-rural-affairs,Red | Yellow
/bringing-pet-animals-to-great-britain/travelling-from-outside-eu,guide,publisher,"Animal and Plant Health Agency | Border Force | Department for Environment, Food & Rural Affairs",animal-and-plant-health-agency | border-force | department-for-environment-food-rural-affairs,Red | Yellow
/bringing-plants-and-wood-into-great-britain,guide,publisher,"Animal and Plant Health Agency | Border Force | Department for Environment, Food & Rural Affairs",animal-and-plant-health-agency | border-force | department-for-environment-food-rural-affairs,Red | Yellow
/bringing-plants-and-wood-into-great-britain/bringing-endangered-species,guide,publisher,"Animal and Plant Health Agency | Border Force | Department for Environment, Food & Rural Affairs",animal-and-plant-health-agency | border-force | department-for-environment-food-rural-affairs,Red | Yellow
/bringing-plants-and-wood-into-great-britain/from-eu-switzerland-liechtenstein,guide,publisher,"Animal and Plant Health Agency | Border Force | Department for Environment, Food & Rural Affairs",animal-and-plant-health-agency | border-force | department-for-environment-food-rural-affairs,Red | Yellow
/bringing-plants-and-wood-into-great-britain/from-outside-the-eu,guide,publisher,"Animal and Plant Health Agency | Border Force | Department for Environment, Food & Rural Affairs",animal-and-plant-health-agency | border-force | department-for-environment-food-rural-affairs,Red | Yellow
/bringing-plants-and-wood-into-great-britain/get-help,guide,publisher,"Animal and Plant Health Agency | Border Force | Department for Environment, Food & Rural Affairs",animal-and-plant-health-agency | border-force | department-for-environment-food-rural-affairs,Red | Yellow
/bringing-plants-and-wood-into-great-britain/getting-phytosanitary-certificate,guide,publisher,"Animal and Plant Health Agency | Border Force | Department for Environment, Food & Rural Affairs",animal-and-plant-health-agency | border-force | department-for-environment-food-rural-affairs,Red | Yellow
/broken-limbs-driving,answer,publisher,Driver and Vehicle Licensing Agency,driver-and-vehicle-licensing-agency,Red
/brugada-driving,answer,publisher,Driver and Vehicle Licensing Agency,driver-and-vehicle-licensing-agency,Red
/building-regulations-approval,guide,publisher,"Ministry of Housing, Communities and Local Government",ministry-of-housing-communities-local-government,Red
/building-regulations-approval/appeals,guide,publisher,"Ministry of Housing, Communities and Local Government",ministry-of-housing-communities-local-government,Red
/building-regulations-approval/how-to-apply,guide,publisher,"Ministry of Housing, Communities and Local Government",ministry-of-housing-communities-local-government,Red
/building-regulations-approval/use-a-competent-person-scheme,guide,publisher,"Ministry of Housing, Communities and Local Government",ministry-of-housing-communities-local-government,Red
/building-regulations-approval/when-you-dont-need-approval,guide,publisher,"Ministry of Housing, Communities and Local Government",ministry-of-housing-communities-local-government,Red
/building-regulations-competent-person-schemes,answer,publisher,"Building Regulations Advisory Committee | Ministry of Housing, Communities and Local Government",building-regulations-advisory-committee | ministry-of-housing-communities-local-government,Red
/burr-hole-surgery-and-driving,answer,publisher,Driver and Vehicle Licensing Agency,driver-and-vehicle-licensing-agency,Red
/business-rates-relief,guide,publisher,"HM Revenue & Customs | Ministry of Housing, Communities and Local Government",hm-revenue-customs | ministry-of-housing-communities-local-government,Green | Red
/business-rates-relief/charitable-rate-relief,guide,publisher,"HM Revenue & Customs | Ministry of Housing, Communities and Local Government",hm-revenue-customs | ministry-of-housing-communities-local-government,Green | Red
/business-rates-relief/empty-property-relief,guide,publisher,"HM Revenue & Customs | Ministry of Housing, Communities and Local Government",hm-revenue-customs | ministry-of-housing-communities-local-government,Green | Red
/business-rates-relief/enterprise-zones,guide,publisher,"HM Revenue & Customs | Ministry of Housing, Communities and Local Government",hm-revenue-customs | ministry-of-housing-communities-local-government,Green | Red
/business-rates-relief/exempt-properties,guide,publisher,"HM Revenue & Customs | Ministry of Housing, Communities and Local Government",hm-revenue-customs | ministry-of-housing-communities-local-government,Green | Red
/business-rates-relief/freeports-relief,guide,publisher,"HM Revenue & Customs | Ministry of Housing, Communities and Local Government",hm-revenue-customs | ministry-of-housing-communities-local-government,Green | Red
/business-rates-relief/get-help-with-business-rates-relief,guide,publisher,"HM Revenue & Customs | Ministry of Housing, Communities and Local Government",hm-revenue-customs | ministry-of-housing-communities-local-government,Green | Red
/business-rates-relief/hardship-relief,guide,publisher,"HM Revenue & Customs | Ministry of Housing, Communities and Local Government",hm-revenue-customs | ministry-of-housing-communities-local-government,Green | Red
/business-rates-relief/heat-networks-relief,guide,publisher,"HM Revenue & Customs | Ministry of Housing, Communities and Local Government",hm-revenue-customs | ministry-of-housing-communities-local-government,Green | Red
/business-rates-relief/improvement-relief,guide,publisher,"HM Revenue & Customs | Ministry of Housing, Communities and Local Government",hm-revenue-customs | ministry-of-housing-communities-local-government,Green | Red
/business-rates-relief/pubs-and-live-music-venues-relief,guide,publisher,"HM Revenue & Customs | Ministry of Housing, Communities and Local Government",hm-revenue-customs | ministry-of-housing-communities-local-government,Green | Red
/business-rates-relief/retail-discount,guide,publisher,"HM Revenue & Customs | Ministry of Housing, Communities and Local Government",hm-revenue-customs | ministry-of-housing-communities-local-government,Green | Red
/business-rates-relief/rural-rate-relief,guide,publisher,"HM Revenue & Customs | Ministry of Housing, Communities and Local Government",hm-revenue-customs | ministry-of-housing-communities-local-government,Green | Red
/business-rates-relief/small-business-rate-relief,guide,publisher,"HM Revenue & Customs | Ministry of Housing, Communities and Local Government",hm-revenue-customs | ministry-of-housing-communities-local-government,Green | Red
/business-rates-relief/supporting-small-business-relief,guide,publisher,"HM Revenue & Customs | Ministry of Housing, Communities and Local Government",hm-revenue-customs | ministry-of-housing-communities-local-government,Green | Red
/business-rates-relief/transitional-relief,guide,publisher,"HM Revenue & Customs | Ministry of Housing, Communities and Local Government",hm-revenue-customs | ministry-of-housing-communities-local-government,Green | Red
/buy-a-personalised-registration-number,transaction,publisher,Driver and Vehicle Licensing Agency,driver-and-vehicle-licensing-agency,Red
/buy-a-vehicle,step_by_step_nav,collections-publisher,Driver and Vehicle Licensing Agency | Driver and Vehicle Standards Agency,driver-and-vehicle-licensing-agency | driver-and-vehicle-standards-agency,Red
/buying-a-home,guide,publisher,"HM Revenue & Customs | Ministry of Housing, Communities and Local Government",hm-revenue-customs | ministry-of-housing-communities-local-government,Green | Red
/buying-a-home/deciding-on-a-home,guide,publisher,"HM Revenue & Customs | Ministry of Housing, Communities and Local Government",hm-revenue-customs | ministry-of-housing-communities-local-government,Green | Red
/buying-a-home/making-a-complaint,guide,publisher,"HM Revenue & Customs | Ministry of Housing, Communities and Local Government",hm-revenue-customs | ministry-of-housing-communities-local-government,Green | Red
/buying-a-home/making-an-offer,guide,publisher,"HM Revenue & Customs | Ministry of Housing, Communities and Local Government",hm-revenue-customs | ministry-of-housing-communities-local-government,Green | Red
/buying-a-home/preparing-to-buy,guide,publisher,"HM Revenue & Customs | Ministry of Housing, Communities and Local Government",hm-revenue-customs | ministry-of-housing-communities-local-government,Green | Red
/buying-a-home/tax,guide,publisher,"HM Revenue & Customs | Ministry of Housing, Communities and Local Government",hm-revenue-customs | ministry-of-housing-communities-local-government,Green | Red
/buying-a-home/transferring-ownership,guide,publisher,"HM Revenue & Customs | Ministry of Housing, Communities and Local Government",hm-revenue-customs | ministry-of-housing-communities-local-government,Green | Red
/cael-eithriad-treth-cerbyd-anabledd,answer,publisher,Driver and Vehicle Licensing Agency,driver-and-vehicle-licensing-agency,Red
/cael-gwybodaeth-am-eiddo-a-thir,guide,publisher,HM Land Registry,land-registry,Red
/cael-gwybodaeth-am-eiddo-a-thir/cael-copi-or-gweithredoedd,guide,publisher,HM Land Registry,land-registry,Red
/cael-gwybodaeth-am-eiddo-a-thir/chwilio-am-brisiau-eiddo,guide,publisher,HM Land Registry,land-registry,Red
/cael-gwybodaeth-am-eiddo-a-thir/chwilior-gofrestr,guide,publisher,HM Land Registry,land-registry,Red
/cael-gwybodaeth-am-eiddo-a-thir/chwilior-map-mynegai,guide,publisher,HM Land Registry,land-registry,Red
/cael-gwybodaeth-cerbyd-gan-dvla,transaction,publisher,Driver and Vehicle Licensing Agency,driver-and-vehicle-licensing-agency,Red
/cael-tystysgrif-ynni-newydd,transaction,publisher,"Ministry of Housing, Communities and Local Government",ministry-of-housing-communities-local-government,Red
/cais-trwydded-yrru-dros-dro,answer,publisher,Driver and Vehicle Licensing Agency,driver-and-vehicle-licensing-agency,Red
/calculate-agricultural-holiday-entitlement,smart_answer,smartanswers,"Department for Business and Trade | Department for Business, Energy & Industrial Strategy | Department for Environment, Food & Rural Affairs",department-for-business-and-trade | department-for-business-energy-and-industrial-strategy | department-for-environment-food-rural-affairs,Green | Red
/can-i-use-cctv-at-my-commercial-premises,answer,publisher,Information Commissioner's Office,information-commissioner-s-office,Red
/cancel-driving-test,transaction,publisher,Driver and Vehicle Standards Agency,driver-and-vehicle-standards-agency,Red
/cancel-theory-test,transaction,publisher,Driver and Vehicle Standards Agency,driver-and-vehicle-standards-agency,Red
/cancer-and-driving,answer,publisher,Driver and Vehicle Licensing Agency,driver-and-vehicle-licensing-agency,Red
/cardiac-problems-driving,answer,publisher,Driver and Vehicle Licensing Agency,driver-and-vehicle-licensing-agency,Red
/caring-for-pets,answer,publisher,"Department for Environment, Food & Rural Affairs",department-for-environment-food-rural-affairs,Red
/carotid-artery-stenosis-and-driving,answer,publisher,Driver and Vehicle Licensing Agency,driver-and-vehicle-licensing-agency,Red
/cataplexy-and-driving,answer,publisher,Driver and Vehicle Licensing Agency,driver-and-vehicle-licensing-agency,Red
/catch-return,transaction,publisher,"Department for Environment, Food & Rural Affairs | Environment Agency",department-for-environment-food-rural-affairs | environment-agency,Red
/categoriau-trwydded-yrru,answer,publisher,Driver and Vehicle Licensing Agency,driver-and-vehicle-licensing-agency,Red
/catheter-ablation-and-driving,answer,publisher,Driver and Vehicle Licensing Agency,driver-and-vehicle-licensing-agency,Red
/cattle-tracing-online,transaction,publisher,"Department for Environment, Food & Rural Affairs | Rural Payments Agency",department-for-environment-food-rural-affairs | rural-payments-agency | rural-payments-agency.cy,Red
/cbt-certificates,transaction,publisher,Driver and Vehicle Standards Agency,driver-and-vehicle-standards-agency,Red
/ceisio-am-lun-id-tystysgrif-awdurdod-pleidleiswyr,transaction,publisher,"Ministry of Housing, Communities and Local Government",ministry-of-housing-communities-local-government,Red
/central-venous-thrombosis-and-driving,answer,publisher,Driver and Vehicle Licensing Agency,driver-and-vehicle-licensing-agency,Red
/cerbyd-anadferadwy,transaction,publisher,Driver and Vehicle Licensing Agency,driver-and-vehicle-licensing-agency,Red
/cerbydau-hanesyddol,guide,publisher,Driver and Vehicle Licensing Agency | Driver and Vehicle Standards Agency,driver-and-vehicle-licensing-agency | driver-and-vehicle-standards-agency,Red
/cerbydau-hanesyddol/adnewyddu-treth-cerbyd-cerbyd-hanesyddol,guide,publisher,Driver and Vehicle Licensing Agency | Driver and Vehicle Standards Agency,driver-and-vehicle-licensing-agency | driver-and-vehicle-standards-agency,Red
/cerbydau-hanesyddol/cerbydau-wediu-heithrio-rhag-treth-cerbyd,guide,publisher,Driver and Vehicle Licensing Agency | Driver and Vehicle Standards Agency,driver-and-vehicle-licensing-agency | driver-and-vehicle-standards-agency,Red
/cerbydau-hanesyddol/gwneud-cais-am-eithriad-treth-cerbyd,guide,publisher,Driver and Vehicle Licensing Agency | Driver and Vehicle Standards Agency,driver-and-vehicle-licensing-agency | driver-and-vehicle-standards-agency,Red
/cerbydau-sydd-wediu-sgrapio-au-diddymu,guide,publisher,Driver and Vehicle Licensing Agency | Environment Agency,driver-and-vehicle-licensing-agency | environment-agency,Red
/cerbydau-sydd-wediu-sgrapio-au-diddymu/ble-y-gellir-sgrapio-cerbydau,guide,publisher,Driver and Vehicle Licensing Agency | Environment Agency,driver-and-vehicle-licensing-agency | environment-agency,Red
/cerbydau-sydd-wediu-sgrapio-au-diddymu/cerbydau-sydd-wediu-diddymu-gan-gwmni-yswiriant,guide,publisher,Driver and Vehicle Licensing Agency | Environment Agency,driver-and-vehicle-licensing-agency | environment-agency,Red
/cerbydau-wediu-heithrio-o-dreth-cerbyd,answer,publisher,Driver and Vehicle Licensing Agency,driver-and-vehicle-licensing-agency,Red
/cerebral-palsy-and-driving,answer,publisher,Driver and Vehicle Licensing Agency,driver-and-vehicle-licensing-agency,Red
/challenge-election-result,guide,publisher,"HM Courts & Tribunals Service | Ministry of Housing, Communities and Local Government",hm-courts-and-tribunals-service | ministry-of-housing-communities-local-government,Blue | Red
/challenge-election-result/how-to-challenge,guide,publisher,"HM Courts & Tribunals Service | Ministry of Housing, Communities and Local Government",hm-courts-and-tribunals-service | ministry-of-housing-communities-local-government,Blue | Red
/challenge-election-result/pay-security-costs,guide,publisher,"HM Courts & Tribunals Service | Ministry of Housing, Communities and Local Government",hm-courts-and-tribunals-service | ministry-of-housing-communities-local-government,Blue | Red
/challenge-election-result/serve-election-petition,guide,publisher,"HM Courts & Tribunals Service | Ministry of Housing, Communities and Local Government",hm-courts-and-tribunals-service | ministry-of-housing-communities-local-government,Blue | Red
/challenge-election-result/what-happens-hearing-trial,guide,publisher,"HM Courts & Tribunals Service | Ministry of Housing, Communities and Local Government",hm-courts-and-tribunals-service | ministry-of-housing-communities-local-government,Blue | Red
/change-address-driving-licence,guide,publisher,Driver and Vehicle Licensing Agency,driver-and-vehicle-licensing-agency,Red
/change-address-driving-licence/apply-by-post,guide,publisher,Driver and Vehicle Licensing Agency,driver-and-vehicle-licensing-agency,Red
/change-address-v5c,guide,publisher,Driver and Vehicle Licensing Agency,driver-and-vehicle-licensing-agency,Red
/change-address-v5c/change-name-address-v5c,guide,publisher,Driver and Vehicle Licensing Agency,driver-and-vehicle-licensing-agency,Red
/change-blue-badge-details,local_transaction,publisher,Department for Transport,department-for-transport,Red
/change-driving-test,transaction,publisher,Driver and Vehicle Standards Agency,driver-and-vehicle-standards-agency,Red
/change-name-driving-licence,answer,publisher,Driver and Vehicle Licensing Agency,driver-and-vehicle-licensing-agency,Red
/change-name-v5c,answer,publisher,Driver and Vehicle Licensing Agency,driver-and-vehicle-licensing-agency,Red
/change-theory-test,transaction,publisher,Driver and Vehicle Standards Agency,driver-and-vehicle-standards-agency,Red
/change-vehicle-details-registration-certificate,guide,publisher,Driver and Vehicle Licensing Agency,driver-and-vehicle-licensing-agency,Red
/change-vehicle-details-registration-certificate/how-to-tell-dvla,guide,publisher,Driver and Vehicle Licensing Agency,driver-and-vehicle-licensing-agency,Red
/change-vehicle-details-registration-certificate/what-evidence-to-give,guide,publisher,Driver and Vehicle Licensing Agency,driver-and-vehicle-licensing-agency,Red
/change-vehicle-tax-class,guide,publisher,Driver and Vehicle Licensing Agency,driver-and-vehicle-licensing-agency,Red
/change-vehicle-tax-class/tax-due-to-run-out-or-changing-if-vehicle-is-exempt,guide,publisher,Driver and Vehicle Licensing Agency,driver-and-vehicle-licensing-agency,Red
/change-vehicle-tax-class/tax-not-due-to-run-out,guide,publisher,Driver and Vehicle Licensing Agency,driver-and-vehicle-licensing-agency,Red
/change-vehicle-tax-class/work-out-new-tax-rate,guide,publisher,Driver and Vehicle Licensing Agency,driver-and-vehicle-licensing-agency,Red
/charcot-marie-tooth-disease-and-driving,answer,publisher,Driver and Vehicle Licensing Agency,driver-and-vehicle-licensing-agency,Red
/check-animal-medicine-licensed,transaction,publisher,Veterinary Medicines Directorate,veterinary-medicines-directorate,Red
/check-animal-medicine-seller-accredited,answer,publisher,Veterinary Medicines Directorate,veterinary-medicines-directorate,Red
/check-building-safety-costs,smart_answer,smartanswers,"Ministry of Housing, Communities and Local Government",ministry-of-housing-communities-local-government,Red
/check-change-cancel-your-instructor-theory-test,transaction,publisher,Driver and Vehicle Standards Agency,driver-and-vehicle-standards-agency,Red
/check-coastal-erosion-management-in-your-area,transaction,publisher,Environment Agency,environment-agency,Red
/check-council-missing-dog,local_transaction,publisher,"Department for Environment, Food & Rural Affairs",department-for-environment-food-rural-affairs,Red
/check-drinking-water-quality,answer,publisher,"Department for Environment, Food & Rural Affairs | Environment Agency",department-for-environment-food-rural-affairs | environment-agency,Red
/check-driving-information,transaction,publisher,Driver and Vehicle Licensing Agency,driver-and-vehicle-licensing-agency,Red
/check-driving-test,transaction,publisher,Driver and Vehicle Standards Agency,driver-and-vehicle-standards-agency,Red
/check-eu-healthcare-rights,simple_smart_answer,publisher,Department of Health and Social Care,department-of-health-and-social-care,Red
/check-flooding,transaction,publisher,Environment Agency,environment-agency,Red
/check-house-price-trends,transaction,publisher,HM Land Registry,land-registry,Red
/check-hs2-route,answer,publisher,High Speed Two (HS2) Limited,high-speed-two-limited,Red
/check-long-term-flood-risk,answer,publisher,Environment Agency,environment-agency,Red
/check-marine-licence-register,transaction,publisher,Marine Management Organisation,marine-management-organisation,Red
/check-mot-history,transaction,publisher,Driver and Vehicle Standards Agency,driver-and-vehicle-standards-agency,Red
/check-mot-status,transaction,publisher,Driver and Vehicle Standards Agency,driver-and-vehicle-standards-agency,Red
/check-river-conditions-and-closures,guide,publisher,Environment Agency,environment-agency,Red
/check-river-conditions-and-closures/anglian-waterways,guide,publisher,Environment Agency,environment-agency,Red
/check-river-conditions-and-closures/river-medway,guide,publisher,Environment Agency,environment-agency,Red
/check-river-conditions-and-closures/river-thames,guide,publisher,Environment Agency,environment-agency,Red
/check-river-conditions-and-closures/rye-harbour,guide,publisher,Environment Agency,environment-agency,Red
/check-river-conditions-and-closures/scotland-northern-ireland-and-other-parts-of-england,guide,publisher,Environment Agency,environment-agency,Red
/check-suspicious-online-medicine-seller,answer,publisher,Medicines and Healthcare products Regulatory Agency,medicines-and-healthcare-products-regulatory-agency,Red
/check-tax-rates-new-unregistered-cars,transaction,publisher,Vehicle Certification Agency,vehicle-certification-agency,Red
/check-theory-test,transaction,publisher,Driver and Vehicle Standards Agency,driver-and-vehicle-standards-agency,Red
/check-vehicle-e10-petrol,transaction,publisher,Driver and Vehicle Licensing Agency,driver-and-vehicle-licensing-agency,Red
/check-vehicle-operator-licence-applications,transaction,publisher,Driver and Vehicle Standards Agency | Traffic Commissioners for Great Britain,driver-and-vehicle-standards-agency | traffic-commissioners,Red
/check-vehicle-recall,answer,publisher,Driver and Vehicle Standards Agency,driver-and-vehicle-standards-agency,Red
/check-vehicle-safe,answer,publisher,Driver and Vehicle Standards Agency,driver-and-vehicle-standards-agency,Red
/check-vehicle-tax,transaction,publisher,Driver and Vehicle Licensing Agency,driver-and-vehicle-licensing-agency,Red
/check-your-business-protected-area,answer,publisher,Environment Agency | Natural England,environment-agency | natural-england,Red
/check-your-driver-cpc-periodic-training-hours,transaction,publisher,Driver and Vehicle Standards Agency,driver-and-vehicle-standards-agency,Red
/checks-when-buying-a-used-car,answer,publisher,Driver and Vehicle Licensing Agency | Driver and Vehicle Standards Agency,driver-and-vehicle-licensing-agency | driver-and-vehicle-standards-agency,Red
/chiari-malformation-and-driving,answer,publisher,Driver and Vehicle Licensing Agency,driver-and-vehicle-licensing-agency,Red
/child-car-seats-the-rules,guide,publisher,Department for Transport,department-for-transport,Red
/child-car-seats-the-rules/when-a-child-can-travel-without-a-car-seat,guide,publisher,Department for Transport,department-for-transport,Red
/chronic-aortic-dissection-and-driving,answer,publisher,Driver and Vehicle Licensing Agency,driver-and-vehicle-licensing-agency,Red
/chwilio-am-bridiannau-tir-lleol-ar-dir-ac-eiddo,answer,publisher,HM Land Registry,land-registry,Red
/chwilio-gwybodaeth-eiddo-cofrestrfa-tir,transaction,publisher,HM Land Registry,land-registry,Red
/claim-compensation-if-affected-by-hs2,guide,publisher,HM Land Registry | High Speed Two (HS2) Limited,high-speed-two-limited | land-registry,Red
/claim-compensation-if-affected-by-hs2/cash-offer-or-voluntary-purchase-scheme,guide,publisher,HM Land Registry | High Speed Two (HS2) Limited,high-speed-two-limited | land-registry,Red
/claim-compensation-if-affected-by-hs2/exceptional-hardship-scheme,guide,publisher,HM Land Registry | High Speed Two (HS2) Limited,high-speed-two-limited | land-registry,Red
/claim-compensation-if-affected-by-hs2/express-purchase-scheme,guide,publisher,HM Land Registry | High Speed Two (HS2) Limited,high-speed-two-limited | land-registry,Red
/claim-compensation-if-affected-by-hs2/homeowner-payment-scheme,guide,publisher,HM Land Registry | High Speed Two (HS2) Limited,high-speed-two-limited | land-registry,Red
/claim-compensation-if-affected-by-hs2/need-to-sell-scheme,guide,publisher,HM Land Registry | High Speed Two (HS2) Limited,high-speed-two-limited | land-registry,Red
/claim-compensation-if-affected-by-hs2/rent-back-scheme,guide,publisher,HM Land Registry | High Speed Two (HS2) Limited,high-speed-two-limited | land-registry,Red
/claim-compensation-injury-road-pavement,local_transaction,publisher,Department for Transport,department-for-transport,Red
/claim-for-damage-to-your-vehicle,answer,publisher,Highways England,highways-england,Red
/claim-for-injury-received-while-serving,guide,publisher,Ministry of Defence,ministry-of-defence,Red
/claim-for-injury-received-while-serving/appeals,guide,publisher,Ministry of Defence,ministry-of-defence,Red
/claim-for-injury-received-while-serving/armed-forces-independence-payment-afip,guide,publisher,Ministry of Defence,ministry-of-defence,Red
/claim-for-injury-received-while-serving/eligibility,guide,publisher,Ministry of Defence,ministry-of-defence,Red
/claim-for-injury-received-while-serving/how-to-claim,guide,publisher,Ministry of Defence,ministry-of-defence,Red
/claim-for-injury-received-while-serving/what-youll-get,guide,publisher,Ministry of Defence,ministry-of-defence,Red
/claim-planning-appeal-costs,guide,publisher,Planning Inspectorate,planning-inspectorate,Red
/claim-planning-appeal-costs/after-you-claim,guide,publisher,Planning Inspectorate,planning-inspectorate,Red
/claim-planning-appeal-costs/how-to-claim,guide,publisher,Planning Inspectorate,planning-inspectorate,Red
/claim-planning-appeal-costs/when-to-claim,guide,publisher,Planning Inspectorate,planning-inspectorate,Red
/clean-air-zones,transaction,publisher,"Department for Environment, Food & Rural Affairs",department-for-environment-food-rural-affairs,Red
/clear-snow-road-path-cycleway,answer,publisher,Department for Transport | Highways England,department-for-transport | highways-england,Red
/client-money-protection-scheme-property-agents,answer,publisher,"Ministry of Housing, Communities and Local Government",ministry-of-housing-communities-local-government,Red
/co2-and-vehicle-tax-tools,transaction,publisher,Department for Transport | Driver and Vehicle Licensing Agency | Vehicle Certification Agency,department-for-transport | driver-and-vehicle-licensing-agency | vehicle-certification-agency,Red
/codau-trwydded-yrru,answer,publisher,Driver and Vehicle Licensing Agency,driver-and-vehicle-licensing-agency,Red
/cofrestru-bleidleisio-gweision-goron-chyflogeion-british-council,transaction,publisher,"Ministry of Housing, Communities and Local Government",ministry-of-housing-communities-local-government,Red
/cofrestru-bleidleisio-lluoedd-arfog,transaction,publisher,"Ministry of Housing, Communities and Local Government",ministry-of-housing-communities-local-government,Red
/cofrestru-i-bleidleisio,transaction,publisher,"Ministry of Housing, Communities and Local Government",ministry-of-housing-communities-local-government,Red
/cofrestru-ol-gerbyd-i-gymryd-dramor,transaction,publisher,Driver and Vehicle Licensing Agency,driver-and-vehicle-licensing-agency,Red
/cofrestru-tir-neu-eiddo-gyda-chofrestrfa-tir-em,guide,publisher,HM Land Registry,land-registry,Red
/cofrestru-tir-neu-eiddo-gyda-chofrestrfa-tir-em/cofrestru-am-y-tro-cyntaf,guide,publisher,HM Land Registry,land-registry,Red
/cofrestru-tir-neu-eiddo-gyda-chofrestrfa-tir-em/diweddaru-neu-gywiror-gofrestr,guide,publisher,HM Land Registry,land-registry,Red
/cofrestru-tir-neu-eiddo-gyda-chofrestrfa-tir-em/trosglwyddo-perchnogaeth-eich-eiddo,guide,publisher,HM Land Registry,land-registry,Red
/cognitive-problems-and-driving,answer,publisher,Driver and Vehicle Licensing Agency,driver-and-vehicle-licensing-agency,Red
/collection-large-waste-items,local_transaction,publisher,"Department for Environment, Food & Rural Affairs",department-for-environment-food-rural-affairs,Red
/common-land-village-greens,answer,publisher,"Department for Environment, Food & Rural Affairs | Ministry of Housing, Communities and Local Government | Natural England | Planning Inspectorate",department-for-environment-food-rural-affairs | ministry-of-housing-communities-local-government | natural-england | planning-inspectorate,Red
/community-transport-services-shopmobility,local_transaction,publisher,Department for Transport,department-for-transport,Red
/compensation-road-property-value,guide,publisher,Highways England,highways-england,Red
/compensation-road-property-value/make-a-claim,guide,publisher,Highways England,highways-england,Red
/compensation-road-property-value/who-can-claim,guide,publisher,Highways England,highways-england,Red
/compensation-victim-uninsured-driver,answer,publisher,Department for Transport,department-for-transport,Red
/complain-about-a-driving-instructor,answer,publisher,Driver and Vehicle Standards Agency,driver-and-vehicle-standards-agency,Red
/complain-about-your-council,local_transaction,publisher,"Ministry of Housing, Communities and Local Government",ministry-of-housing-communities-local-government,Red
/complain-demolition-works,local_transaction,publisher,"Ministry of Housing, Communities and Local Government",ministry-of-housing-communities-local-government,Red
/congenital-heart-disease-and-driving,answer,publisher,Driver and Vehicle Licensing Agency,driver-and-vehicle-licensing-agency,Red
/contact-dvsa,simple_smart_answer,publisher,Driver and Vehicle Standards Agency,driver-and-vehicle-standards-agency,Red
/contact-electoral-registration-office,local_transaction,publisher,"Ministry of Housing, Communities and Local Government",ministry-of-housing-communities-local-government,Red
/contact-local-marine-management-organisation,place,publisher,Marine Management Organisation,marine-management-organisation,Red
/contact-the-dvla,simple_smart_answer,publisher,Driver and Vehicle Licensing Agency,driver-and-vehicle-licensing-agency,Red
/contact-your-local-council-about-business-rates,local_transaction,publisher,"HM Revenue & Customs | Ministry of Housing, Communities and Local Government",hm-revenue-customs | ministry-of-housing-communities-local-government,Green | Red
/control-dog-public,guide,publisher,"Department for Environment, Food & Rural Affairs",department-for-environment-food-rural-affairs,Red
/control-dog-public/banned-dogs,guide,publisher,"Department for Environment, Food & Rural Affairs",department-for-environment-food-rural-affairs,Red
/control-dog-public/public-spaces-protection-orders,guide,publisher,"Department for Environment, Food & Rural Affairs",department-for-environment-food-rural-affairs,Red
/control-dog-public/report-a-dog,guide,publisher,"Department for Environment, Food & Rural Affairs",department-for-environment-food-rural-affairs,Red
/convulsions-and-driving,answer,publisher,Driver and Vehicle Licensing Agency,driver-and-vehicle-licensing-agency,Red
/coronary-artery-bypass-and-driving,answer,publisher,Driver and Vehicle Licensing Agency,driver-and-vehicle-licensing-agency,Red
/coronavirus,coronavirus_landing_page,collections-publisher,Government Digital Service | UK Health Security Agency,government-digital-service | uk-health-security-agency,Red | Yellow
/council-housing,guide,publisher,"Ministry of Housing, Communities and Local Government",ministry-of-housing-communities-local-government,Red
/council-housing-association-evictions,guide,publisher,"Ministry of Housing, Communities and Local Government",ministry-of-housing-communities-local-government,Red
/council-housing-association-evictions/the-court-hearing,guide,publisher,"Ministry of Housing, Communities and Local Government",ministry-of-housing-communities-local-government,Red
/council-housing-association-evictions/written-notice,guide,publisher,"Ministry of Housing, Communities and Local Government",ministry-of-housing-communities-local-government,Red
/council-housing/buying-your-council-home,guide,publisher,"Ministry of Housing, Communities and Local Government",ministry-of-housing-communities-local-government,Red
/council-housing/complaints,guide,publisher,"Ministry of Housing, Communities and Local Government",ministry-of-housing-communities-local-government,Red
/council-housing/council-housing-fraud,guide,publisher,"Ministry of Housing, Communities and Local Government",ministry-of-housing-communities-local-government,Red
/council-housing/repairs-and-maintenance,guide,publisher,"Ministry of Housing, Communities and Local Government",ministry-of-housing-communities-local-government,Red
/council-housing/types-of-tenancy,guide,publisher,"Ministry of Housing, Communities and Local Government",ministry-of-housing-communities-local-government,Red
/council-tax,guide,publisher,"HM Revenue & Customs | Ministry of Housing, Communities and Local Government",hm-revenue-customs | ministry-of-housing-communities-local-government,Green | Red
/council-tax-appeals,guide,publisher,"HM Revenue & Customs | Ministry of Housing, Communities and Local Government",hm-revenue-customs | ministry-of-housing-communities-local-government,Green | Red
/council-tax-appeals/appeal-a-fine-or-completion-notice,guide,publisher,"HM Revenue & Customs | Ministry of Housing, Communities and Local Government",hm-revenue-customs | ministry-of-housing-communities-local-government,Green | Red
/council-tax-arrears,answer,publisher,"Ministry of Housing, Communities and Local Government",ministry-of-housing-communities-local-government,Red
/council-tax-bands,transaction,publisher,"HM Revenue & Customs | Ministry of Housing, Communities and Local Government",hm-revenue-customs | ministry-of-housing-communities-local-government,Green | Red
/council-tax/discounts-for-disabled-people,guide,publisher,"HM Revenue & Customs | Ministry of Housing, Communities and Local Government",hm-revenue-customs | ministry-of-housing-communities-local-government,Green | Red
/council-tax/discounts-for-full-time-students,guide,publisher,"HM Revenue & Customs | Ministry of Housing, Communities and Local Government",hm-revenue-customs | ministry-of-housing-communities-local-government,Green | Red
/council-tax/paying-your-bill,guide,publisher,"HM Revenue & Customs | Ministry of Housing, Communities and Local Government",hm-revenue-customs | ministry-of-housing-communities-local-government,Green | Red
/council-tax/second-homes-and-empty-properties,guide,publisher,"HM Revenue & Customs | Ministry of Housing, Communities and Local Government",hm-revenue-customs | ministry-of-housing-communities-local-government,Green | Red
/council-tax/who-has-to-pay,guide,publisher,"HM Revenue & Customs | Ministry of Housing, Communities and Local Government",hm-revenue-customs | ministry-of-housing-communities-local-government,Green | Red
/criminal-record-check-become-driving-instructor,transaction,publisher,Driver and Vehicle Standards Agency,driver-and-vehicle-standards-agency,Red
/cydberchnogaeth,guide,publisher,HM Land Registry,land-registry,Red
/cydberchnogaeth/gwerthu-pan-fydd-perchennog-wedi-colli-gallu-meddyliol,guide,publisher,HM Land Registry,land-registry,Red
/cydberchnogaeth/gwirio-manylion-eich-perchnogaeth,guide,publisher,HM Land Registry,land-registry,Red
/cydberchnogaeth/newid-o-denantiaid-cydradd-i-gyddenantiaid,guide,publisher,HM Land Registry,land-registry,Red
/cydberchnogaeth/newid-o-gyddenantiaid-i-denantiaid-cydradd,guide,publisher,HM Land Registry,land-registry,Red
/cyflwyniad-i-ardrethi-busnes,guide,publisher,"HM Revenue & Customs | Ministry of Housing, Communities and Local Government",hm-revenue-customs | ministry-of-housing-communities-local-government,Green | Red
/cyflwyniad-i-ardrethi-busnes/ailbrisiad,guide,publisher,"HM Revenue & Customs | Ministry of Housing, Communities and Local Government",hm-revenue-customs | ministry-of-housing-communities-local-government,Green | Red
/cyflwyniad-i-ardrethi-busnes/gweithio-gartref,guide,publisher,"HM Revenue & Customs | Ministry of Housing, Communities and Local Government",hm-revenue-customs | ministry-of-housing-communities-local-government,Green | Red
/cyflwyniad-i-ardrethi-busnes/help-gydag-ardrethi-busnes,guide,publisher,"HM Revenue & Customs | Ministry of Housing, Communities and Local Government",hm-revenue-customs | ministry-of-housing-communities-local-government,Green | Red
/cyflwyniad-i-ardrethi-busnes/llety-hunanddarpar-a-llety-gwyliau,guide,publisher,"HM Revenue & Customs | Ministry of Housing, Communities and Local Government",hm-revenue-customs | ministry-of-housing-communities-local-government,Green | Red
/cyflwyniad-i-ardrethi-busnes/os-ywch-busnes-neu-safle-yn-newid,guide,publisher,"HM Revenue & Customs | Ministry of Housing, Communities and Local Government",hm-revenue-customs | ministry-of-housing-communities-local-government,Green | Red
/cyflwyniad-i-ardrethi-busnes/sut-y-cyfrifir-eich-ardrethi,guide,publisher,"HM Revenue & Customs | Ministry of Housing, Communities and Local Government",hm-revenue-customs | ministry-of-housing-communities-local-government,Green | Red
/cyflwyniad-i-ardrethi-busnes/tafarndai-a-masnach-drwyddedig,guide,publisher,"HM Revenue & Customs | Ministry of Housing, Communities and Local Government",hm-revenue-customs | ministry-of-housing-communities-local-government,Green | Red
/cyflyrau-llygaid-a-gyrru,guide,publisher,Driver and Vehicle Licensing Agency,driver-and-vehicle-licensing-agency,Red
/cyflyrau-llygaid-a-gyrru/bws-coets-lori,guide,publisher,Driver and Vehicle Licensing Agency,driver-and-vehicle-licensing-agency,Red
/cyfnewid-trwydded-yrru-bapur,transaction,publisher,Driver and Vehicle Licensing Agency,driver-and-vehicle-licensing-agency,Red
/cyfrif-gyrwyr-cerbydau,answer,publisher,Driver and Vehicle Licensing Agency,driver-and-vehicle-licensing-agency,Red
/cyfrifoldebau-gwerthu-cerbyd,answer,publisher,Driver and Vehicle Licensing Agency,driver-and-vehicle-licensing-agency,Red
/cymryd-cerbydau-y-tu-allan-ir-du,guide,publisher,Driver and Vehicle Licensing Agency | HM Revenue & Customs,driver-and-vehicle-licensing-agency | hm-revenue-customs,Green | Red
/cymryd-cerbydau-y-tu-allan-ir-du/am-lai-na-12-mis,guide,publisher,Driver and Vehicle Licensing Agency | HM Revenue & Customs,driver-and-vehicle-licensing-agency | hm-revenue-customs,Green | Red
/cymryd-cerbydau-y-tu-allan-ir-du/trethi-os-ydych-yn-prynu-cerbyd-newydd-iw-gymryd-dramor,guide,publisher,Driver and Vehicle Licensing Agency | HM Revenue & Customs,driver-and-vehicle-licensing-agency | hm-revenue-customs,Green | Red
/cystic-fibrosis-and-driving,answer,publisher,Driver and Vehicle Licensing Agency,driver-and-vehicle-licensing-agency,Red
/dartford-crossing-bike,answer,publisher,Highways England,highways-england,Red
/data-protection,guide,publisher,"Department for Science, Innovation and Technology | Information Commissioner's Office",department-for-science-innovation-and-technology | information-commissioner-s-office,Red
/data-protection-register-notify-ico-personal-data,transaction,publisher,Information Commissioner's Office,information-commissioner-s-office,Red
/data-protection-your-business,guide,publisher,"Department for Business and Trade | Department for Business, Energy & Industrial Strategy | Information Commissioner's Office",department-for-business-and-trade | department-for-business-energy-and-industrial-strategy | information-commissioner-s-office,Green | Red
/data-protection-your-business/get-advice-on-data-protection,guide,publisher,"Department for Business and Trade | Department for Business, Energy & Industrial Strategy | Information Commissioner's Office",department-for-business-and-trade | department-for-business-energy-and-industrial-strategy | information-commissioner-s-office,Green | Red
/data-protection-your-business/monitoring-staff-at-work,guide,publisher,"Department for Business and Trade | Department for Business, Energy & Industrial Strategy | Information Commissioner's Office",department-for-business-and-trade | department-for-business-energy-and-industrial-strategy | information-commissioner-s-office,Green | Red
/data-protection-your-business/recruitment-managing-staff-records,guide,publisher,"Department for Business and Trade | Department for Business, Energy & Industrial Strategy | Information Commissioner's Office",department-for-business-and-trade | department-for-business-energy-and-industrial-strategy | information-commissioner-s-office,Green | Red
/data-protection-your-business/using-cctv,guide,publisher,"Department for Business and Trade | Department for Business, Energy & Industrial Strategy | Information Commissioner's Office",department-for-business-and-trade | department-for-business-energy-and-industrial-strategy | information-commissioner-s-office,Green | Red
/data-protection/find-out-what-data-an-organisation-has-about-you,guide,publisher,"Department for Science, Innovation and Technology | Information Commissioner's Office",department-for-science-innovation-and-technology | information-commissioner-s-office,Red
/data-protection/make-a-complaint,guide,publisher,"Department for Science, Innovation and Technology | Information Commissioner's Office",department-for-science-innovation-and-technology | information-commissioner-s-office,Red
/data-requests-dvla,answer,publisher,Driver and Vehicle Licensing Agency,driver-and-vehicle-licensing-agency,Red
/day-care-centres,local_transaction,publisher,Department of Health and Social Care,department-of-health-and-social-care,Red
/deafness-and-driving,answer,publisher,Driver and Vehicle Licensing Agency,driver-and-vehicle-licensing-agency,Red
/deall-labelu-bwyd,guide,publisher,Food Standards Agency,food-standards-agency,Red
/deall-labelu-bwyd/dyddiadau-ar-ei-orau-cyn-a-defnyddio-erbyn,guide,publisher,Food Standards Agency,food-standards-agency,Red
/deall-labelu-bwyd/labeli-alergenau,guide,publisher,Food Standards Agency,food-standards-agency,Red
/deall-labelu-bwyd/labeli-bwyd-figan,guide,publisher,Food Standards Agency,food-standards-agency,Red
/debyd-uniongyrchol-treth-cerbyd,guide,publisher,Driver and Vehicle Licensing Agency,driver-and-vehicle-licensing-agency,Red
/debyd-uniongyrchol-treth-cerbyd/adnewyddu,guide,publisher,Driver and Vehicle Licensing Agency,driver-and-vehicle-licensing-agency,Red
/debyd-uniongyrchol-treth-cerbyd/canslo,guide,publisher,Driver and Vehicle Licensing Agency,driver-and-vehicle-licensing-agency,Red
/debyd-uniongyrchol-treth-cerbyd/newid-cyfeiriad-enw,guide,publisher,Driver and Vehicle Licensing Agency,driver-and-vehicle-licensing-agency,Red
/debyd-uniongyrchol-treth-cerbyd/newid-cyfrifon,guide,publisher,Driver and Vehicle Licensing Agency,driver-and-vehicle-licensing-agency,Red
/debyd-uniongyrchol-treth-cerbyd/newid-taliadau,guide,publisher,Driver and Vehicle Licensing Agency,driver-and-vehicle-licensing-agency,Red
/debyd-uniongyrchol-treth-cerbyd/taliad-yn-methu,guide,publisher,Driver and Vehicle Licensing Agency,driver-and-vehicle-licensing-agency,Red
/defibrillators-and-driving,answer,publisher,Driver and Vehicle Licensing Agency,driver-and-vehicle-licensing-agency,Red
/deja-vu-and-driving,answer,publisher,Driver and Vehicle Licensing Agency,driver-and-vehicle-licensing-agency,Red
/dementia-and-driving,answer,publisher,Driver and Vehicle Licensing Agency,driver-and-vehicle-licensing-agency,Red
/deposit-protection-schemes-and-landlords,guide,publisher,"Ministry of Housing, Communities and Local Government",ministry-of-housing-communities-local-government,Red
/deposit-protection-schemes-and-landlords/disputes,guide,publisher,"Ministry of Housing, Communities and Local Government",ministry-of-housing-communities-local-government,Red
/deposit-protection-schemes-and-landlords/if-you-dont-protect-your-tenants-deposit,guide,publisher,"Ministry of Housing, Communities and Local Government",ministry-of-housing-communities-local-government,Red
/deposit-protection-schemes-and-landlords/information-you-must-give-to-your-tenants,guide,publisher,"Ministry of Housing, Communities and Local Government",ministry-of-housing-communities-local-government,Red
/depression-and-driving,answer,publisher,Driver and Vehicle Licensing Agency,driver-and-vehicle-licensing-agency,Red
/diabetes-driving,answer,publisher,Driver and Vehicle Licensing Agency,driver-and-vehicle-licensing-agency,Red
/dilated-cardiomyopathy-and-driving,answer,publisher,Driver and Vehicle Licensing Agency,driver-and-vehicle-licensing-agency,Red
/dirwyon-llythyrau-gyrru-nad-ydych-yn-berchen-ar-y-cerbyd,answer,publisher,Driver and Vehicle Licensing Agency,driver-and-vehicle-licensing-agency,Red
/disabled-facilities-grants,guide,publisher,"Ministry of Housing, Communities and Local Government",ministry-of-housing-communities-local-government,Red
/disabled-facilities-grants/eligibility,guide,publisher,"Ministry of Housing, Communities and Local Government",ministry-of-housing-communities-local-government,Red
/disabled-facilities-grants/how-to-claim,guide,publisher,"Ministry of Housing, Communities and Local Government",ministry-of-housing-communities-local-government,Red
/disabled-facilities-grants/what-youll-get,guide,publisher,"Ministry of Housing, Communities and Local Government",ministry-of-housing-communities-local-government,Red
/displaying-number-plates,guide,publisher,Driver and Vehicle Licensing Agency,driver-and-vehicle-licensing-agency,Red
/displaying-number-plates/flags-identifiers-and-stickers,guide,publisher,Driver and Vehicle Licensing Agency,driver-and-vehicle-licensing-agency,Red
/displaying-number-plates/getting-number-plates-made-up,guide,publisher,Driver and Vehicle Licensing Agency,driver-and-vehicle-licensing-agency,Red
/displaying-number-plates/rules-number-plates,guide,publisher,Driver and Vehicle Licensing Agency,driver-and-vehicle-licensing-agency,Red
/dispose-business-commercial-waste,guide,publisher,Environment Agency,environment-agency,Red
/dispose-business-commercial-waste/contacts,guide,publisher,Environment Agency,environment-agency,Red
/dispose-business-commercial-waste/sorting-storing-waste,guide,publisher,Environment Agency,environment-agency,Red
/dispose-business-commercial-waste/waste-transfer-notes,guide,publisher,Environment Agency,environment-agency,Red
/dispose-hazardous-waste,guide,publisher,Environment Agency,environment-agency,Red
/dispose-hazardous-waste/carriers,guide,publisher,Environment Agency,environment-agency,Red
/dispose-hazardous-waste/consignee-returns,guide,publisher,Environment Agency,environment-agency,Red
/dispose-hazardous-waste/consignees,guide,publisher,Environment Agency,environment-agency,Red
/dispose-hazardous-waste/consignment-notes,guide,publisher,Environment Agency,environment-agency,Red
/dispose-hazardous-waste/contact-the-environment-agency,guide,publisher,Environment Agency,environment-agency,Red
/dispose-hazardous-waste/producers-and-holders,guide,publisher,Environment Agency,environment-agency,Red
/dispose-household-waste,answer,publisher,Environment Agency,environment-agency,Red
/diweddaru-cofnodion-eiddo-pan-fydd-rhywun-yn-marw,guide,publisher,HM Land Registry,land-registry,Red
/diweddaru-manylion-car-cwmni,transaction,publisher,Driver and Vehicle Licensing Agency | HM Revenue & Customs,driver-and-vehicle-licensing-agency | hm-revenue-customs,Green | Red
/dizziness-and-driving,answer,publisher,Driver and Vehicle Licensing Agency,driver-and-vehicle-licensing-agency,Red
/dod-o-hyd-i-dystysgrif-ynni,transaction,publisher,"Ministry of Housing, Communities and Local Government",ministry-of-housing-communities-local-government,Red
/donations-to-support-members-of-the-armed-forces,answer,publisher,Ministry of Defence,ministry-of-defence,Red
/done/accelerated-possession-eviction,completed_transaction,publisher,"Ministry of Housing, Communities and Local Government",ministry-of-housing-communities-local-government,Red
/done/apply-approval-book-pupil-driving-motorcycle-tests,completed_transaction,publisher,Driver and Vehicle Standards Agency,driver-and-vehicle-standards-agency,Red
/done/apply-for-refund-mot-slot-payments,completed_transaction,publisher,Driver and Vehicle Standards Agency,driver-and-vehicle-standards-agency,Red
/done/apply-for-workplace-charging-scheme-state-funded-education-institutions-grant,completed_transaction,publisher,Department for Transport,department-for-transport,Red
/done/apply-temporary-transport-manager,completed_transaction,publisher,Driver and Vehicle Standards Agency | Traffic Commissioners for Great Britain,driver-and-vehicle-standards-agency | traffic-commissioners,Red
/done/book-driving-test,completed_transaction,publisher,Driver and Vehicle Standards Agency,driver-and-vehicle-standards-agency,Red
/done/book-pupil-theory-test,completed_transaction,publisher,Driver and Vehicle Standards Agency,driver-and-vehicle-standards-agency,Red
/done/book-theory-test,completed_transaction,publisher,Driver and Vehicle Standards Agency,driver-and-vehicle-standards-agency,Red
/done/catch-return,completed_transaction,publisher,Environment Agency,environment-agency,Red
/done/change-date-practical-driving-test,completed_transaction,publisher,Driver and Vehicle Standards Agency,driver-and-vehicle-standards-agency,Red
/done/check-mot-history,completed_transaction,publisher,Driver and Vehicle Standards Agency,driver-and-vehicle-standards-agency,Red
/done/close-mot-centre,completed_transaction,publisher,Driver and Vehicle Standards Agency,driver-and-vehicle-standards-agency,Red
/done/dvla-fleet-vehicle-info,completed_transaction,publisher,Driver and Vehicle Licensing Agency,driver-and-vehicle-licensing-agency,Red
/done/dvsa-practical-test-business-service,completed_transaction,publisher,Driver and Vehicle Standards Agency,driver-and-vehicle-standards-agency,Red
/done/find-driving-schools-and-lessons,completed_transaction,publisher,Driver and Vehicle Standards Agency,driver-and-vehicle-standards-agency,Red
/done/find-mot-test-centre-hgv-bus-trailer,completed_transaction,publisher,Driver and Vehicle Standards Agency,driver-and-vehicle-standards-agency,Red
/done/get-vehicle-information-from-dvla,completed_transaction,publisher,Driver and Vehicle Licensing Agency,driver-and-vehicle-licensing-agency,Red
/done/hgv-levy,completed_transaction,publisher,Department for Transport,department-for-transport,Red
/done/international-waste-shipments,completed_transaction,publisher,Environment Agency,environment-agency,Red
/done/keep-registration-number,completed_transaction,publisher,Driver and Vehicle Licensing Agency,driver-and-vehicle-licensing-agency,Red
/done/make-a-sorn,completed_transaction,publisher,Driver and Vehicle Licensing Agency,driver-and-vehicle-licensing-agency,Red
/done/mot-reminder,completed_transaction,publisher,Driver and Vehicle Standards Agency,driver-and-vehicle-standards-agency,Red
/done/motor-trade-bought,completed_transaction,publisher,Driver and Vehicle Licensing Agency,driver-and-vehicle-licensing-agency,Red
/done/motor-trade-sold,completed_transaction,publisher,Driver and Vehicle Licensing Agency,driver-and-vehicle-licensing-agency,Red
/done/pay-dartford-crossing-charge,completed_transaction,publisher,Highways England,highways-england,Red
/done/pay-dvla-fine,completed_transaction,publisher,Driver and Vehicle Licensing Agency,driver-and-vehicle-licensing-agency,Red
/done/pay-dvsa-roadside-fine,completed_transaction,publisher,Driver and Vehicle Standards Agency,driver-and-vehicle-standards-agency,Red
/done/private-keeper-sold,completed_transaction,publisher,Driver and Vehicle Licensing Agency,driver-and-vehicle-licensing-agency,Red
/done/private-keeper-to-motor-trader,completed_transaction,publisher,Driver and Vehicle Licensing Agency,driver-and-vehicle-licensing-agency,Red
/done/register-trailer-to-take-abroad,completed_transaction,publisher,Driver and Vehicle Licensing Agency,driver-and-vehicle-licensing-agency,Red
/done/register-waste-exemption,completed_transaction,publisher,Environment Agency,environment-agency,Red
/done/replace-a-lost-or-damaged-mot-centre-authorisation-certificate,completed_transaction,publisher,Driver and Vehicle Standards Agency,driver-and-vehicle-standards-agency,Red
/done/replace-cbt-certificate,completed_transaction,publisher,Driver and Vehicle Standards Agency,driver-and-vehicle-standards-agency,Red
/done/replace-driver-cpc-card,completed_transaction,publisher,Driver and Vehicle Standards Agency,driver-and-vehicle-standards-agency,Red
/done/request-your-approved-driving-instructor-adi-driving-test-data-report,completed_transaction,publisher,Driver and Vehicle Standards Agency,driver-and-vehicle-standards-agency,Red
/done/ruralpayments,completed_transaction,publisher,"Department for Environment, Food & Rural Affairs",department-for-environment-food-rural-affairs,Red
/done/search-property-information-land-registry,completed_transaction,publisher,HM Land Registry,land-registry,Red
/done/vehicle-operator-licensing,completed_transaction,publisher,Driver and Vehicle Standards Agency | Traffic Commissioners for Great Britain,driver-and-vehicle-standards-agency | traffic-commissioners,Red
/done/vehicle-tax,completed_transaction,publisher,Department for Transport,department-for-transport,Red
/done/view-driving-licence,completed_transaction,publisher,Department for Transport | Driver and Vehicle Licensing Agency,department-for-transport | driver-and-vehicle-licensing-agency,Red
/done/waste-carrier-or-broker-registration,completed_transaction,publisher,"Department for Environment, Food & Rural Affairs",department-for-environment-food-rural-affairs,Red
/done/weee,completed_transaction,publisher,Environment Agency,environment-agency,Red
/drink-drive-course,guide,publisher,Driver and Vehicle Standards Agency,driver-and-vehicle-standards-agency,Red
/drink-drive-course/choose-a-course,guide,publisher,Driver and Vehicle Standards Agency,driver-and-vehicle-standards-agency,Red
/drink-drive-course/complain,guide,publisher,Driver and Vehicle Standards Agency,driver-and-vehicle-standards-agency,Red
/drink-drive-course/how-the-course-works,guide,publisher,Driver and Vehicle Standards Agency,driver-and-vehicle-standards-agency,Red
/drink-drive-limit,answer,publisher,Department for Transport,department-for-transport,Red
/drink-driving-penalties,answer,publisher,Department for Transport | Driver and Vehicle Licensing Agency | Driver and Vehicle Standards Agency,department-for-transport | driver-and-vehicle-licensing-agency | driver-and-vehicle-standards-agency,Red
/drive-abroad,step_by_step_nav,collections-publisher,Driver and Vehicle Licensing Agency,driver-and-vehicle-licensing-agency,Red
/driver-cpc-training,guide,publisher,Driver and Vehicle Standards Agency,driver-and-vehicle-standards-agency,Red
/driver-cpc-training/finding-training-courses,guide,publisher,Driver and Vehicle Standards Agency,driver-and-vehicle-standards-agency,Red
/driver-cpc-training/getting-your-driver-cpc-card,guide,publisher,Driver and Vehicle Standards Agency,driver-and-vehicle-standards-agency,Red
/driver-cpc-training/if-you-have-a-licence-from-other-countries,guide,publisher,Driver and Vehicle Standards Agency,driver-and-vehicle-standards-agency,Red
/driver-cpc-training/if-you-miss-your-training-deadline,guide,publisher,Driver and Vehicle Standards Agency,driver-and-vehicle-standards-agency,Red
/driver-cpc-training/taking-a-training-course,guide,publisher,Driver and Vehicle Standards Agency,driver-and-vehicle-standards-agency,Red
/driver-cpc-training/training-in-eu-countries,guide,publisher,Driver and Vehicle Standards Agency,driver-and-vehicle-standards-agency,Red
/driver-cpc-training/when-to-take-training,guide,publisher,Driver and Vehicle Standards Agency,driver-and-vehicle-standards-agency,Red
/driver-vehicles-account,answer,publisher,Driver and Vehicle Licensing Agency,driver-and-vehicle-licensing-agency,Red
/drivers-hours,guide,publisher,Driver and Vehicle Standards Agency,driver-and-vehicle-standards-agency,Red
/drivers-hours/aetr-rules,guide,publisher,Driver and Vehicle Standards Agency,driver-and-vehicle-standards-agency,Red
/drivers-hours/driving-under-different-rules,guide,publisher,Driver and Vehicle Standards Agency,driver-and-vehicle-standards-agency,Red
/drivers-hours/eu-rules,guide,publisher,Driver and Vehicle Standards Agency,driver-and-vehicle-standards-agency,Red
/drivers-hours/exemptions-from-eu-law,guide,publisher,Driver and Vehicle Standards Agency,driver-and-vehicle-standards-agency,Red
/drivers-hours/gb-domestic-rules,guide,publisher,Driver and Vehicle Standards Agency,driver-and-vehicle-standards-agency,Red
/drivers-hours/goods-vehicles,guide,publisher,Driver and Vehicle Standards Agency,driver-and-vehicle-standards-agency,Red
/drivers-hours/passenger-carrying-vehicles,guide,publisher,Driver and Vehicle Standards Agency,driver-and-vehicle-standards-agency,Red
/drivers-hours/rules-for-employers,guide,publisher,Driver and Vehicle Standards Agency,driver-and-vehicle-standards-agency,Red
/driving-a-minibus,answer,publisher,Driver and Vehicle Licensing Agency | Driver and Vehicle Standards Agency,driver-and-vehicle-licensing-agency | driver-and-vehicle-standards-agency,Red
/driving-abroad,guide,publisher,Department for Transport | Driver and Vehicle Licensing Agency,department-for-transport | driver-and-vehicle-licensing-agency,Red
/driving-abroad/driving-if-you-move-abroad,guide,publisher,Department for Transport | Driver and Vehicle Licensing Agency,department-for-transport | driver-and-vehicle-licensing-agency,Red
/driving-abroad/get-an-idp,guide,publisher,Department for Transport | Driver and Vehicle Licensing Agency,department-for-transport | driver-and-vehicle-licensing-agency,Red
/driving-abroad/international-driving-permit,guide,publisher,Department for Transport | Driver and Vehicle Licensing Agency,department-for-transport | driver-and-vehicle-licensing-agency,Red
/driving-disqualifications,guide,publisher,Department for Transport | Driver and Vehicle Licensing Agency,department-for-transport | driver-and-vehicle-licensing-agency,Red
/driving-disqualifications/apply-to-reduce-your-disqualification-period,guide,publisher,Department for Transport | Driver and Vehicle Licensing Agency,department-for-transport | driver-and-vehicle-licensing-agency,Red
/driving-disqualifications/changes-to-your-name-and-address-while-disqualified,guide,publisher,Department for Transport | Driver and Vehicle Licensing Agency,department-for-transport | driver-and-vehicle-licensing-agency,Red
/driving-disqualifications/check-when-your-disqualification-ends,guide,publisher,Department for Transport | Driver and Vehicle Licensing Agency,department-for-transport | driver-and-vehicle-licensing-agency,Red
/driving-disqualifications/disqualification-for-drink-driving,guide,publisher,Department for Transport | Driver and Vehicle Licensing Agency,department-for-transport | driver-and-vehicle-licensing-agency,Red
/driving-disqualifications/disqualification-for-drug-driving,guide,publisher,Department for Transport | Driver and Vehicle Licensing Agency,department-for-transport | driver-and-vehicle-licensing-agency,Red
/driving-disqualifications/disqualification-until-test-pass-or-extended-test-pass,guide,publisher,Department for Transport | Driver and Vehicle Licensing Agency,department-for-transport | driver-and-vehicle-licensing-agency,Red
/driving-eyesight-rules,answer,publisher,Driver and Vehicle Licensing Agency | Driver and Vehicle Standards Agency,driver-and-vehicle-licensing-agency | driver-and-vehicle-standards-agency,Red
/driving-fines-letters-you-dont-own-the-vehicle,answer,publisher,Driver and Vehicle Licensing Agency,driver-and-vehicle-licensing-agency,Red
/driving-instructor-suspension-your-rights,guide,publisher,Driver and Vehicle Standards Agency,driver-and-vehicle-standards-agency,Red
/driving-instructor-suspension-your-rights/compensation-if-you-stay-on-the-register,guide,publisher,Driver and Vehicle Standards Agency,driver-and-vehicle-standards-agency,Red
/driving-instructor-suspension-your-rights/how-to-claim-compensation,guide,publisher,Driver and Vehicle Standards Agency,driver-and-vehicle-standards-agency,Red
/driving-instructor-suspension-your-rights/the-decision-on-your-compensation-claim,guide,publisher,Driver and Vehicle Standards Agency,driver-and-vehicle-standards-agency,Red
/driving-instructor-suspension-your-rights/when-the-amount-of-compensation-can-change,guide,publisher,Driver and Vehicle Standards Agency,driver-and-vehicle-standards-agency,Red
/driving-instructor-suspension-your-rights/when-you-can-be-suspended,guide,publisher,Driver and Vehicle Standards Agency,driver-and-vehicle-standards-agency,Red
/driving-instructor-suspension-your-rights/working-out-your-losses,guide,publisher,Driver and Vehicle Standards Agency,driver-and-vehicle-standards-agency,Red
/driving-lessons-learning-to-drive,guide,publisher,Driver and Vehicle Standards Agency,driver-and-vehicle-standards-agency,Red
/driving-lessons-learning-to-drive/practising-with-family-or-friends,guide,publisher,Driver and Vehicle Standards Agency,driver-and-vehicle-standards-agency,Red
/driving-lessons-learning-to-drive/taking-driving-lessons,guide,publisher,Driver and Vehicle Standards Agency,driver-and-vehicle-standards-agency,Red
/driving-lessons-learning-to-drive/using-l-and-p-plates,guide,publisher,Driver and Vehicle Standards Agency,driver-and-vehicle-standards-agency,Red
/driving-licence-categories,answer,publisher,Driver and Vehicle Licensing Agency,driver-and-vehicle-licensing-agency,Red
/driving-licence-codes,answer,publisher,Driver and Vehicle Licensing Agency,driver-and-vehicle-licensing-agency,Red
/driving-licence-fees,answer,publisher,Driver and Vehicle Licensing Agency,driver-and-vehicle-licensing-agency,Red
/driving-medical-conditions,guide,publisher,Driver and Vehicle Licensing Agency,driver-and-vehicle-licensing-agency,Red
/driving-medical-conditions/renewing-or-reapplying-for-your-licence,guide,publisher,Driver and Vehicle Licensing Agency,driver-and-vehicle-licensing-agency,Red
/driving-medical-conditions/what-dvla-will-decide,guide,publisher,Driver and Vehicle Licensing Agency,driver-and-vehicle-licensing-agency,Red
/driving-medical-conditions/what-happens-after-you-tell-dvla,guide,publisher,Driver and Vehicle Licensing Agency,driver-and-vehicle-licensing-agency,Red
/driving-motorhome,answer,publisher,Driver and Vehicle Licensing Agency,driver-and-vehicle-licensing-agency,Red
/driving-nongb-licence,simple_smart_answer,publisher,Driver and Vehicle Licensing Agency,driver-and-vehicle-licensing-agency,Red
/driving-test,guide,publisher,Driver and Vehicle Standards Agency,driver-and-vehicle-standards-agency,Red
/driving-test-cost,answer,publisher,Driver and Vehicle Standards Agency,driver-and-vehicle-standards-agency,Red
/driving-test/disability-health-condition-or-learning-difficulty,guide,publisher,Driver and Vehicle Standards Agency,driver-and-vehicle-standards-agency,Red
/driving-test/driving-test-faults-result,guide,publisher,Driver and Vehicle Standards Agency,driver-and-vehicle-standards-agency,Red
/driving-test/test-cancelled-bad-weather,guide,publisher,Driver and Vehicle Standards Agency,driver-and-vehicle-standards-agency,Red
/driving-test/using-your-own-car,guide,publisher,Driver and Vehicle Standards Agency,driver-and-vehicle-standards-agency,Red
/driving-test/what-happens-during-test,guide,publisher,Driver and Vehicle Standards Agency,driver-and-vehicle-standards-agency,Red
/driving-test/what-to-take,guide,publisher,Driver and Vehicle Standards Agency,driver-and-vehicle-standards-agency,Red
/drug-analysis-prints,transaction,publisher,Medicines and Healthcare products Regulatory Agency,medicines-and-healthcare-products-regulatory-agency,Red
/drug-driving-law,answer,publisher,Department for Transport | Driver and Vehicle Licensing Agency,department-for-transport | driver-and-vehicle-licensing-agency,Red
/drug-use-and-driving,answer,publisher,Driver and Vehicle Licensing Agency,driver-and-vehicle-licensing-agency,Red
/dvla-fleet-vehicle-info,transaction,publisher,Driver and Vehicle Licensing Agency,driver-and-vehicle-licensing-agency,Red
/dvlaforms,answer,publisher,Driver and Vehicle Licensing Agency,driver-and-vehicle-licensing-agency,Red
/dvsa-enhanced-rider-scheme-trainer,guide,publisher,Driver and Vehicle Standards Agency,driver-and-vehicle-standards-agency,Red
/dvsa-enhanced-rider-scheme-trainer/documents-to-record-training,guide,publisher,Driver and Vehicle Standards Agency,driver-and-vehicle-standards-agency,Red
/dvsa-enhanced-rider-scheme-trainer/managing-your-registration,guide,publisher,Driver and Vehicle Standards Agency,driver-and-vehicle-standards-agency,Red
/dvsa-enhanced-rider-scheme-trainer/standards-checks-and-monitoring,guide,publisher,Driver and Vehicle Standards Agency,driver-and-vehicle-standards-agency,Red
/dvsa-enhanced-rider-scheme-trainer/taking-the-theory-test,guide,publisher,Driver and Vehicle Standards Agency,driver-and-vehicle-standards-agency,Red
/dvsa-enhanced-rider-scheme-trainer/ways-to-become-a-trainer,guide,publisher,Driver and Vehicle Standards Agency,driver-and-vehicle-standards-agency,Red
/dweud-wrth-dvla-am-brofedigaeth,guide,publisher,Driver and Vehicle Licensing Agency,driver-and-vehicle-licensing-agency,Red
/dweud-wrth-dvla-am-brofedigaeth/cadwr-cerbyd,guide,publisher,Driver and Vehicle Licensing Agency,driver-and-vehicle-licensing-agency,Red
/dweud-wrth-dvla-am-brofedigaeth/gwerthur-cerbyd,guide,publisher,Driver and Vehicle Licensing Agency,driver-and-vehicle-licensing-agency,Red
/eating-disorders-and-driving,answer,publisher,Driver and Vehicle Licensing Agency,driver-and-vehicle-licensing-agency,Red
/egluro-pwysau-cerbydau,answer,publisher,Driver and Vehicle Licensing Agency,driver-and-vehicle-licensing-agency,Red
/elections-in-the-uk,guide,publisher,"Ministry of Housing, Communities and Local Government",ministry-of-housing-communities-local-government,Red
/elections-in-the-uk/general-election,guide,publisher,"Ministry of Housing, Communities and Local Government",ministry-of-housing-communities-local-government,Red
/elections-in-the-uk/local-government,guide,publisher,"Ministry of Housing, Communities and Local Government",ministry-of-housing-communities-local-government,Red
/elections-in-the-uk/local-mayors-mayor-of-london-and-london-assembly,guide,publisher,"Ministry of Housing, Communities and Local Government",ministry-of-housing-communities-local-government,Red
/elections-in-the-uk/northern-ireland-assembly,guide,publisher,"Ministry of Housing, Communities and Local Government",ministry-of-housing-communities-local-government,Red
/elections-in-the-uk/police-and-crime-commissioner,guide,publisher,"Ministry of Housing, Communities and Local Government",ministry-of-housing-communities-local-government,Red
/elections-in-the-uk/referendums,guide,publisher,"Ministry of Housing, Communities and Local Government",ministry-of-housing-communities-local-government,Red
/elections-in-the-uk/scottish-parliament,guide,publisher,"Ministry of Housing, Communities and Local Government",ministry-of-housing-communities-local-government,Red
/elections-in-the-uk/welsh-parliament,guide,publisher,"Ministry of Housing, Communities and Local Government",ministry-of-housing-communities-local-government,Red
/electoral-register,guide,publisher,"Ministry of Housing, Communities and Local Government",ministry-of-housing-communities-local-government,Red
/electoral-register/opt-out-of-the-open-register,guide,publisher,"Ministry of Housing, Communities and Local Government",ministry-of-housing-communities-local-government,Red
/electoral-register/view-electoral-register,guide,publisher,"Ministry of Housing, Communities and Local Government",ministry-of-housing-communities-local-government,Red
/electric-bike-rules,answer,publisher,Department for Transport | Driver and Vehicle Licensing Agency,department-for-transport | driver-and-vehicle-licensing-agency,Red
/electric-scooter-rules,answer,publisher,Department for Transport,department-for-transport,Red
/electric-vehicle-chargepoint-grant-household,guide,publisher,Department for Transport | Office for Zero Emission Vehicles,department-for-transport | office-for-zero-emission-vehicles,Red
/electric-vehicle-chargepoint-grant-household/apply-for-an-ev-chargepoint-grant-,guide,publisher,Department for Transport | Office for Zero Emission Vehicles,department-for-transport | office-for-zero-emission-vehicles,Red
/electric-vehicle-chargepoint-grant-household/eligibility,guide,publisher,Department for Transport | Office for Zero Emission Vehicles,department-for-transport | office-for-zero-emission-vehicles,Red
/electric-vehicle-chargepoint-grant-landlords,guide,publisher,Department for Transport | Office for Zero Emission Vehicles,department-for-transport | office-for-zero-emission-vehicles,Red
/electric-vehicle-chargepoint-grant-landlords/after-youve-applied,guide,publisher,Department for Transport | Office for Zero Emission Vehicles,department-for-transport | office-for-zero-emission-vehicles,Red
/electric-vehicle-chargepoint-grant-landlords/apply,guide,publisher,Department for Transport | Office for Zero Emission Vehicles,department-for-transport | office-for-zero-emission-vehicles,Red
/electric-vehicle-chargepoint-grant-landlords/eligibility,guide,publisher,Department for Transport | Office for Zero Emission Vehicles,department-for-transport | office-for-zero-emission-vehicles,Red
/electric-vehicle-chargepoint-installers,place,publisher,Department for Transport,department-for-transport,Red
/electricalwaste-producer-supplier-responsibilities,guide,publisher,"Department for Business and Trade | Department for Business, Energy & Industrial Strategy | Environment Agency",department-for-business-and-trade | department-for-business-energy-and-industrial-strategy | environment-agency,Green | Red
/electricalwaste-producer-supplier-responsibilities/join-the-distributor-takeback-scheme,guide,publisher,"Department for Business and Trade | Department for Business, Energy & Industrial Strategy | Environment Agency",department-for-business-and-trade | department-for-business-energy-and-industrial-strategy | environment-agency,Green | Red
/electricalwaste-producer-supplier-responsibilities/non-compliance,guide,publisher,"Department for Business and Trade | Department for Business, Energy & Industrial Strategy | Environment Agency",department-for-business-and-trade | department-for-business-energy-and-industrial-strategy | environment-agency,Green | Red
/electricalwaste-producer-supplier-responsibilities/set-up-an-alternative-take-back-service,guide,publisher,"Department for Business and Trade | Department for Business, Energy & Industrial Strategy | Environment Agency",department-for-business-and-trade | department-for-business-energy-and-industrial-strategy | environment-agency,Green | Red
/electricalwaste-producer-supplier-responsibilities/take-back-waste-in-store,guide,publisher,"Department for Business and Trade | Department for Business, Energy & Industrial Strategy | Environment Agency",department-for-business-and-trade | department-for-business-energy-and-industrial-strategy | environment-agency,Green | Red
/emergency-and-lifesaving-equipment-on-ships,guide,publisher,Maritime and Coastguard Agency,maritime-and-coastguard-agency,Red
/emergency-and-lifesaving-equipment-on-ships/firefighting-equipment,guide,publisher,Maritime and Coastguard Agency,maritime-and-coastguard-agency,Red
/emergency-and-lifesaving-equipment-on-ships/help-and-advice,guide,publisher,Maritime and Coastguard Agency,maritime-and-coastguard-agency,Red
/emergency-and-lifesaving-equipment-on-ships/lifesaving-equipment,guide,publisher,Maritime and Coastguard Agency,maritime-and-coastguard-agency,Red
/emergency-and-lifesaving-equipment-on-ships/safe-use-of-emergency-equipment,guide,publisher,Maritime and Coastguard Agency,maritime-and-coastguard-agency,Red
/emergency-and-lifesaving-equipment-on-ships/servicing-and-testing-emergency-equipment,guide,publisher,Maritime and Coastguard Agency,maritime-and-coastguard-agency,Red
/employee-reservist,guide,publisher,Department for Work and Pensions | HM Revenue & Customs | Ministry of Defence,department-for-work-pensions | hm-revenue-customs | ministry-of-defence,Blue | Green | Red
/employee-reservist/employer-notification,guide,publisher,Department for Work and Pensions | HM Revenue & Customs | Ministry of Defence,department-for-work-pensions | hm-revenue-customs | ministry-of-defence,Blue | Green | Red
/employee-reservist/financial-support-for-employers,guide,publisher,Department for Work and Pensions | HM Revenue & Customs | Ministry of Defence,department-for-work-pensions | hm-revenue-customs | ministry-of-defence,Blue | Green | Red
/employee-reservist/financial-support-for-reservists,guide,publisher,Department for Work and Pensions | HM Revenue & Customs | Ministry of Defence,department-for-work-pensions | hm-revenue-customs | ministry-of-defence,Blue | Green | Red
/employee-reservist/mobilisation,guide,publisher,Department for Work and Pensions | HM Revenue & Customs | Ministry of Defence,department-for-work-pensions | hm-revenue-customs | ministry-of-defence,Blue | Green | Red
/employee-reservist/payroll-reporting,guide,publisher,Department for Work and Pensions | HM Revenue & Customs | Ministry of Defence,department-for-work-pensions | hm-revenue-customs | ministry-of-defence,Blue | Green | Red
/employee-reservist/returning-to-work,guide,publisher,Department for Work and Pensions | HM Revenue & Customs | Ministry of Defence,department-for-work-pensions | hm-revenue-customs | ministry-of-defence,Blue | Green | Red
/employing-people-to-drive,answer,publisher,Driver and Vehicle Licensing Agency | Driver and Vehicle Standards Agency,driver-and-vehicle-licensing-agency | driver-and-vehicle-standards-agency,Red
/empyema-and-driving,answer,publisher,Driver and Vehicle Licensing Agency,driver-and-vehicle-licensing-agency,Red
/energy-performance-certificate-commercial-property,answer,publisher,"Ministry of Housing, Communities and Local Government",ministry-of-housing-communities-local-government,Red
/enhanced-rider-scheme,answer,publisher,Driver and Vehicle Licensing Agency,driver-and-vehicle-licensing-agency,Red
/entertainment-and-modelling-agencies,guide,publisher,"Department for Business and Trade | Department for Business, Energy & Industrial Strategy | Department for Culture, Media and Sport | Department for Digital, Culture, Media & Sport",department-for-business-and-trade | department-for-business-energy-and-industrial-strategy | department-for-culture-media-and-sport | department-for-digital-culture-media-sport,Green | Red
/entertainment-and-modelling-agencies/fees-for-fashion-and-photographic-models,guide,publisher,"Department for Business and Trade | Department for Business, Energy & Industrial Strategy | Department for Culture, Media and Sport | Department for Digital, Culture, Media & Sport",department-for-business-and-trade | department-for-business-energy-and-industrial-strategy | department-for-culture-media-and-sport | department-for-digital-culture-media-sport,Green | Red
/entertainment-and-modelling-agencies/fees-for-other-services,guide,publisher,"Department for Business and Trade | Department for Business, Energy & Industrial Strategy | Department for Culture, Media and Sport | Department for Digital, Culture, Media & Sport",department-for-business-and-trade | department-for-business-energy-and-industrial-strategy | department-for-culture-media-and-sport | department-for-digital-culture-media-sport,Green | Red
/entertainment-and-modelling-agencies/fees-for-performers-and-workers,guide,publisher,"Department for Business and Trade | Department for Business, Energy & Industrial Strategy | Department for Culture, Media and Sport | Department for Digital, Culture, Media & Sport",department-for-business-and-trade | department-for-business-energy-and-industrial-strategy | department-for-culture-media-and-sport | department-for-digital-culture-media-sport,Green | Red
/entertainment-and-modelling-agencies/terms-and-conditions,guide,publisher,"Department for Business and Trade | Department for Business, Energy & Industrial Strategy | Department for Culture, Media and Sport | Department for Digital, Culture, Media & Sport",department-for-business-and-trade | department-for-business-energy-and-industrial-strategy | department-for-culture-media-and-sport | department-for-digital-culture-media-sport,Green | Red
/epilepsy-and-driving,answer,publisher,Driver and Vehicle Licensing Agency,driver-and-vehicle-licensing-agency,Red
/estimate-your-business-rates,answer,publisher,"HM Revenue & Customs | Ministry of Housing, Communities and Local Government",hm-revenue-customs | ministry-of-housing-communities-local-government,Green | Red
/evicting-tenants,guide,publisher,"HM Courts & Tribunals Service | Ministry of Housing, Communities and Local Government",hm-courts-and-tribunals-service | ministry-of-housing-communities-local-government,Blue | Red
/evicting-tenants/accelerated-possession-orders,guide,publisher,"HM Courts & Tribunals Service | Ministry of Housing, Communities and Local Government",hm-courts-and-tribunals-service | ministry-of-housing-communities-local-government,Blue | Red
/evicting-tenants/giving-notice-to-evict-tenants,guide,publisher,"HM Courts & Tribunals Service | Ministry of Housing, Communities and Local Government",hm-courts-and-tribunals-service | ministry-of-housing-communities-local-government,Blue | Red
/evicting-tenants/harassment-and-illegal-evictions,guide,publisher,"HM Courts & Tribunals Service | Ministry of Housing, Communities and Local Government",hm-courts-and-tribunals-service | ministry-of-housing-communities-local-government,Blue | Red
/evicting-tenants/if-tenants-do-not-follow-a-possession-order,guide,publisher,"HM Courts & Tribunals Service | Ministry of Housing, Communities and Local Government",hm-courts-and-tribunals-service | ministry-of-housing-communities-local-government,Blue | Red
/evicting-tenants/possession-hearings-and-orders,guide,publisher,"HM Courts & Tribunals Service | Ministry of Housing, Communities and Local Government",hm-courts-and-tribunals-service | ministry-of-housing-communities-local-government,Blue | Red
/evicting-tenants/standard-possession-orders,guide,publisher,"HM Courts & Tribunals Service | Ministry of Housing, Communities and Local Government",hm-courts-and-tribunals-service | ministry-of-housing-communities-local-government,Blue | Red
/excessive-sleepiness-and-driving,answer,publisher,Department for Transport | Driver and Vehicle Licensing Agency,department-for-transport | driver-and-vehicle-licensing-agency,Red
/exchange-nongb-driving-licence,simple_smart_answer,publisher,Driver and Vehicle Licensing Agency,driver-and-vehicle-licensing-agency,Red
/exchange-paper-driving-licence,transaction,publisher,Driver and Vehicle Licensing Agency,driver-and-vehicle-licensing-agency,Red
/export-customs-declaration,step_by_step_nav,collections-publisher,"Department for Business and Trade | Department for Environment, Food & Rural Affairs | Department for International Trade | HM Revenue & Customs",department-for-business-and-trade | department-for-environment-food-rural-affairs | department-for-international-trade | hm-revenue-customs,Green | Red | Yellow
/export-goods,step_by_step_nav,collections-publisher,"Department for Business and Trade | Department for Environment, Food & Rural Affairs | Department for International Trade | HM Revenue & Customs",department-for-business-and-trade | department-for-environment-food-rural-affairs | department-for-international-trade | hm-revenue-customs,Green | Red | Yellow
/eye-conditions-and-driving,guide,publisher,Driver and Vehicle Licensing Agency,driver-and-vehicle-licensing-agency,Red
/eye-conditions-and-driving/bus-coach-lorry,guide,publisher,Driver and Vehicle Licensing Agency,driver-and-vehicle-licensing-agency,Red
/f-gas-fridges-freezers,answer,publisher,"Department for Environment, Food & Rural Affairs",department-for-environment-food-rural-affairs,Red
/febrile-convulsions-and-driving,answer,publisher,Driver and Vehicle Licensing Agency,driver-and-vehicle-licensing-agency,Red
/ffioedd-trwydded-yrru,answer,publisher,Driver and Vehicle Licensing Agency,driver-and-vehicle-licensing-agency,Red
/financial-help-disabled,guide,publisher,Department for Transport | Department for Work and Pensions | Driver and Vehicle Licensing Agency | HM Revenue & Customs,department-for-transport | department-for-work-pensions | driver-and-vehicle-licensing-agency | hm-revenue-customs,Blue | Green | Red
/financial-help-disabled/armed-forces-compensation,guide,publisher,Department for Transport | Department for Work and Pensions | Driver and Vehicle Licensing Agency | HM Revenue & Customs,department-for-transport | department-for-work-pensions | driver-and-vehicle-licensing-agency | hm-revenue-customs,Blue | Green | Red
/financial-help-disabled/disability-and-sickness-benefits,guide,publisher,Department for Transport | Department for Work and Pensions | Driver and Vehicle Licensing Agency | HM Revenue & Customs,department-for-transport | department-for-work-pensions | driver-and-vehicle-licensing-agency | hm-revenue-customs,Blue | Green | Red
/financial-help-disabled/home-and-housing,guide,publisher,Department for Transport | Department for Work and Pensions | Driver and Vehicle Licensing Agency | HM Revenue & Customs,department-for-transport | department-for-work-pensions | driver-and-vehicle-licensing-agency | hm-revenue-customs,Blue | Green | Red
/financial-help-disabled/injuries-illness-caused-at-work,guide,publisher,Department for Transport | Department for Work and Pensions | Driver and Vehicle Licensing Agency | HM Revenue & Customs,department-for-transport | department-for-work-pensions | driver-and-vehicle-licensing-agency | hm-revenue-customs,Blue | Green | Red
/financial-help-disabled/on-a-low-salary,guide,publisher,Department for Transport | Department for Work and Pensions | Driver and Vehicle Licensing Agency | HM Revenue & Customs,department-for-transport | department-for-work-pensions | driver-and-vehicle-licensing-agency | hm-revenue-customs,Blue | Green | Red
/financial-help-disabled/television-licence-discount,guide,publisher,Department for Transport | Department for Work and Pensions | Driver and Vehicle Licensing Agency | HM Revenue & Customs,department-for-transport | department-for-work-pensions | driver-and-vehicle-licensing-agency | hm-revenue-customs,Blue | Green | Red
/financial-help-disabled/vat-relief,guide,publisher,Department for Transport | Department for Work and Pensions | Driver and Vehicle Licensing Agency | HM Revenue & Customs,department-for-transport | department-for-work-pensions | driver-and-vehicle-licensing-agency | hm-revenue-customs,Blue | Green | Red
/financial-help-disabled/vehicles-and-transport,guide,publisher,Department for Transport | Department for Work and Pensions | Driver and Vehicle Licensing Agency | HM Revenue & Customs,department-for-transport | department-for-work-pensions | driver-and-vehicle-licensing-agency | hm-revenue-customs,Blue | Green | Red
/find-a-community-support-group-or-organisation,local_transaction,publisher,"Ministry of Housing, Communities and Local Government",ministry-of-housing-communities-local-government,Red
/find-adr-training,place,publisher,Driver and Vehicle Standards Agency,driver-and-vehicle-standards-agency,Red
/find-approved-speed-limiter-centre,place,publisher,Driver and Vehicle Standards Agency,driver-and-vehicle-standards-agency,Red
/find-approved-tachograph-centre-atc,place,publisher,Driver and Vehicle Licensing Agency | Driver and Vehicle Standards Agency,driver-and-vehicle-licensing-agency | driver-and-vehicle-standards-agency,Red
/find-bereavement-services-from-council,local_transaction,publisher,Department of Health and Social Care,department-of-health-and-social-care,Red
/find-driver-cpc-part-3a-test-provider,place,publisher,Driver and Vehicle Standards Agency,driver-and-vehicle-standards-agency,Red
/find-driving-instructor-training,place,publisher,Driver and Vehicle Standards Agency,driver-and-vehicle-standards-agency,Red
/find-driving-schools-and-lessons,transaction,publisher,Driver and Vehicle Standards Agency,driver-and-vehicle-standards-agency,Red
/find-driving-test-centre,place,publisher,Driver and Vehicle Standards Agency,driver-and-vehicle-standards-agency,Red
/find-energy-certificate,transaction,publisher,"Ministry of Housing, Communities and Local Government",ministry-of-housing-communities-local-government,Red
/find-enhanced-rider-scheme-trainer,place,publisher,Driver and Vehicle Standards Agency,driver-and-vehicle-standards-agency,Red
/find-local-bus-services,transaction,publisher,Driver and Vehicle Standards Agency | Traffic Commissioners for Great Britain,driver-and-vehicle-standards-agency | traffic-commissioners,Red
/find-local-consultations,local_transaction,publisher,"Ministry of Housing, Communities and Local Government",ministry-of-housing-communities-local-government,Red
/find-local-transport-plans,local_transaction,publisher,Department for Transport,department-for-transport,Red
/find-mot-course,place,publisher,Driver and Vehicle Standards Agency,driver-and-vehicle-standards-agency,Red
/find-mot-test-centre-hgv-bus-trailer,transaction,publisher,Driver and Vehicle Standards Agency,driver-and-vehicle-standards-agency,Red
/find-motorcycle-training,place,publisher,Driver and Vehicle Standards Agency,driver-and-vehicle-standards-agency,Red
/find-nature-reserves-national-parks-and-greenspaces,answer,publisher,"Department for Environment, Food & Rural Affairs | Ministry of Housing, Communities and Local Government | Natural England",department-for-environment-food-rural-affairs | ministry-of-housing-communities-local-government | natural-england,Red
/find-out-about-right-to-buy-from-your-council,local_transaction,publisher,"Ministry of Housing, Communities and Local Government",ministry-of-housing-communities-local-government,Red
/find-theory-test-centre,place,publisher,Driver and Vehicle Standards Agency,driver-and-vehicle-standards-agency,Red
/find-theory-test-pass-number,answer,publisher,Driver and Vehicle Standards Agency,driver-and-vehicle-standards-agency,Red
/find-vehicle-operators,transaction,publisher,Driver and Vehicle Standards Agency | Traffic Commissioners for Great Britain,driver-and-vehicle-standards-agency | traffic-commissioners,Red
/find-vehicle-scrapyard,place,publisher,Environment Agency,environment-agency,Red
/find-weighbridge,local_transaction,publisher,National Highways,national-highways,Red
/find-your-local-councillors,local_transaction,publisher,"Ministry of Housing, Communities and Local Government",ministry-of-housing-communities-local-government,Red
/find-your-local-park,local_transaction,publisher,"Department for Environment, Food & Rural Affairs",department-for-environment-food-rural-affairs,Red
/first-homes-scheme,guide,publisher,"Ministry of Housing, Communities and Local Government",ministry-of-housing-communities-local-government,Red
/first-homes-scheme/how-the-scheme-works,guide,publisher,"Ministry of Housing, Communities and Local Government",ministry-of-housing-communities-local-government,Red
/first-homes-scheme/how-to-apply,guide,publisher,"Ministry of Housing, Communities and Local Government",ministry-of-housing-communities-local-government,Red
/first-homes-scheme/if-your-application-is-approved,guide,publisher,"Ministry of Housing, Communities and Local Government",ministry-of-housing-communities-local-government,Red
/first-homes-scheme/letting-the-property,guide,publisher,"Ministry of Housing, Communities and Local Government",ministry-of-housing-communities-local-government,Red
/first-homes-scheme/owning-the-property,guide,publisher,"Ministry of Housing, Communities and Local Government",ministry-of-housing-communities-local-government,Red
/first-homes-scheme/selling-the-property,guide,publisher,"Ministry of Housing, Communities and Local Government",ministry-of-housing-communities-local-government,Red
/fishing-licences,guide,publisher,Environment Agency,environment-agency,Red
/fishing-licences/buy-a-fishing-licence,guide,publisher,Environment Agency,environment-agency,Red
/fishing-licences/fishing-in-scotland-and-northern-ireland,guide,publisher,Environment Agency,environment-agency,Red
/fishing-licences/replace-update-or-extend-a-rod-fishing-licence,guide,publisher,Environment Agency,environment-agency,Red
/fishing-licences/types-of-licences-and-rod-limits,guide,publisher,Environment Agency,environment-agency,Red
/fits-and-driving,answer,publisher,Driver and Vehicle Licensing Agency,driver-and-vehicle-licensing-agency,Red
/food-crime,guide,publisher,Food Standards Agency,food-standards-agency,Red
/food-crime/business,guide,publisher,Food Standards Agency,food-standards-agency,Red
/food-crime/report,guide,publisher,Food Standards Agency,food-standards-agency,Red
/food-hygiene-ratings,guide,publisher,Food Standards Agency,food-standards-agency,Red
/food-hygiene-ratings/appeal-explain-or-improve-your-rating,guide,publisher,Food Standards Agency,food-standards-agency,Red
/food-hygiene-ratings/find-a-food-hygiene-rating,guide,publisher,Food Standards Agency,food-standards-agency,Red
/food-labelling-and-packaging,guide,publisher,Food Standards Agency,food-standards-agency,Red
/food-labelling-and-packaging/food-and-drink-warnings,guide,publisher,Food Standards Agency,food-standards-agency,Red
/food-labelling-and-packaging/food-labelling-what-you-must-show,guide,publisher,Food Standards Agency,food-standards-agency,Red
/food-labelling-and-packaging/ingredients-list,guide,publisher,Food Standards Agency,food-standards-agency,Red
/food-labelling-and-packaging/nutrition-health-claims-and-supplement-labelling,guide,publisher,Food Standards Agency,food-standards-agency,Red
/food-labelling-and-packaging/organic-food,guide,publisher,Food Standards Agency,food-standards-agency,Red
/food-labelling-and-packaging/precautionary-allergen-labelling-pal,guide,publisher,Food Standards Agency,food-standards-agency,Red
/food-safety-management-systems,guide,publisher,Food Standards Agency,food-standards-agency,Red
/food-safety-management-systems/creating-a-food-safety-management-system,guide,publisher,Food Standards Agency,food-standards-agency,Red
/food-safety-management-systems/make-an-haccp-plan,guide,publisher,Food Standards Agency,food-standards-agency,Red
/free-discount-tv-licence,answer,publisher,"Department for Culture, Media and Sport | Department for Digital, Culture, Media & Sport | Department for Work and Pensions",department-for-culture-media-and-sport | department-for-digital-culture-media-sport | department-for-work-pensions,Blue | Red
/freshwater-rod-fishing-rules,guide,publisher,Environment Agency,environment-agency,Red
/freshwater-rod-fishing-rules/fish-size-and-catch-limits,guide,publisher,Environment Agency,environment-agency,Red
/freshwater-rod-fishing-rules/tackle-you-can-use,guide,publisher,Environment Agency,environment-agency,Red
/freshwater-rod-fishing-rules/when-and-where-you-can-fish,guide,publisher,Environment Agency,environment-agency,Red
/friedrichs-ataxia-and-driving,answer,publisher,Driver and Vehicle Licensing Agency,driver-and-vehicle-licensing-agency,Red
/garden-bonfires-rules,answer,publisher,"Department for Environment, Food & Rural Affairs",department-for-environment-food-rural-affairs,Red
/garden-maintenance-council-tenants,local_transaction,publisher,"Ministry of Housing, Communities and Local Government",ministry-of-housing-communities-local-government,Red
/garden-waste-disposal,local_transaction,publisher,"Department for Environment, Food & Rural Affairs",department-for-environment-food-rural-affairs,Red
/get-a-clamped-or-impounded-vehicle-released,transaction,publisher,Driver and Vehicle Licensing Agency,driver-and-vehicle-licensing-agency,Red
/get-a-ppc,guide,publisher,Department of Health and Social Care,department-of-health-and-social-care,Red
/get-a-ppc/hrt-ppc,guide,publisher,Department of Health and Social Care,department-of-health-and-social-care,Red
/get-an-exemption-for-an-appliance-to-burn-unauthorised-fuel,transaction,publisher,"Department for Environment, Food & Rural Affairs",department-for-environment-food-rural-affairs,Red
/get-copy-military-records-of-service,guide,publisher,Ministry of Defence,ministry-of-defence,Red
/get-copy-military-records-of-service/apply-for-the-records-of-a-deceased-serviceperson,guide,publisher,Ministry of Defence,ministry-of-defence,Red
/get-copy-military-records-of-service/apply-for-your-own-records,guide,publisher,Ministry of Defence,ministry-of-defence,Red
/get-copy-military-records-of-service/complaints,guide,publisher,Ministry of Defence,ministry-of-defence,Red
/get-flood-warnings,answer,publisher,Environment Agency,environment-agency,Red
/get-information-about-property-and-land,guide,publisher,HM Land Registry,land-registry,Red
/get-information-about-property-and-land/copies-of-deeds,guide,publisher,HM Land Registry,land-registry,Red
/get-information-about-property-and-land/search-property-prices,guide,publisher,HM Land Registry,land-registry,Red
/get-information-about-property-and-land/search-the-index-map,guide,publisher,HM Land Registry,land-registry,Red
/get-information-about-property-and-land/search-the-register,guide,publisher,HM Land Registry,land-registry,Red
/get-personalised-private-number-plate,step_by_step_nav,collections-publisher,Driver and Vehicle Licensing Agency,driver-and-vehicle-licensing-agency,Red
/get-seamans-discharge-book-or-british-seamans-card,answer,publisher,Department for Transport | Maritime and Coastguard Agency,department-for-transport | maritime-and-coastguard-agency,Red
/get-stop-view-mot-reminder,answer,publisher,Driver and Vehicle Standards Agency,driver-and-vehicle-standards-agency,Red
/get-vehicle-information-from-dvla,transaction,publisher,Driver and Vehicle Licensing Agency,driver-and-vehicle-licensing-agency,Red
/get-vehicle-tax-exemption-disability,answer,publisher,Driver and Vehicle Licensing Agency,driver-and-vehicle-licensing-agency,Red
/get-your-dog-cat-microchipped,answer,publisher,"Department for Environment, Food & Rural Affairs",department-for-environment-food-rural-affairs,Red
/getting-an-mot,guide,publisher,Driver and Vehicle Standards Agency,driver-and-vehicle-standards-agency,Red
/getting-an-mot/after-the-test,guide,publisher,Driver and Vehicle Standards Agency,driver-and-vehicle-standards-agency,Red
/getting-an-mot/booking-an-mot,guide,publisher,Driver and Vehicle Standards Agency,driver-and-vehicle-standards-agency,Red
/getting-an-mot/correcting-mot-certificate-mistakes,guide,publisher,Driver and Vehicle Standards Agency,driver-and-vehicle-standards-agency,Red
/getting-an-mot/mot-test-fees,guide,publisher,Driver and Vehicle Standards Agency,driver-and-vehicle-standards-agency,Red
/getting-an-mot/problems-with-your-test-result,guide,publisher,Driver and Vehicle Standards Agency,driver-and-vehicle-standards-agency,Red
/getting-an-mot/retests,guide,publisher,Driver and Vehicle Standards Agency,driver-and-vehicle-standards-agency,Red
/getting-an-mot/the-mot-test,guide,publisher,Driver and Vehicle Standards Agency,driver-and-vehicle-standards-agency,Red
/getting-an-mot/vehicles-exempt-from-mot,guide,publisher,Driver and Vehicle Standards Agency,driver-and-vehicle-standards-agency,Red
/giving-up-your-driving-licence,answer,publisher,Driver and Vehicle Licensing Agency,driver-and-vehicle-licensing-agency,Red
/green-taxes-and-reliefs,guide,publisher,Department for Energy Security and Net Zero | Environment Agency | HM Revenue & Customs,department-for-energy-security-and-net-zero | environment-agency | hm-revenue-customs,Green | Red | Yellow
/green-taxes-and-reliefs/aggregates-levy,guide,publisher,Department for Energy Security and Net Zero | Environment Agency | HM Revenue & Customs,department-for-energy-security-and-net-zero | environment-agency | hm-revenue-customs,Green | Red | Yellow
/green-taxes-and-reliefs/capital-allowances-on-energyefficient-items,guide,publisher,Department for Energy Security and Net Zero | Environment Agency | HM Revenue & Customs,department-for-energy-security-and-net-zero | environment-agency | hm-revenue-customs,Green | Red | Yellow
/green-taxes-and-reliefs/climate-change-levy,guide,publisher,Department for Energy Security and Net Zero | Environment Agency | HM Revenue & Customs,department-for-energy-security-and-net-zero | environment-agency | hm-revenue-customs,Green | Red | Yellow
/green-taxes-and-reliefs/landfill-tax,guide,publisher,Department for Energy Security and Net Zero | Environment Agency | HM Revenue & Customs,department-for-energy-security-and-net-zero | environment-agency | hm-revenue-customs,Green | Red | Yellow
/green-taxes-and-reliefs/plastic-packaging-tax,guide,publisher,Department for Energy Security and Net Zero | Environment Agency | HM Revenue & Customs,department-for-energy-security-and-net-zero | environment-agency | hm-revenue-customs,Green | Red | Yellow
/green-taxes-and-reliefs/uk-emissions-trading-scheme,guide,publisher,Department for Energy Security and Net Zero | Environment Agency | HM Revenue & Customs,department-for-energy-security-and-net-zero | environment-agency | hm-revenue-customs,Green | Red | Yellow
/guillain-barre-syndrome-and-driving,answer,publisher,Driver and Vehicle Licensing Agency,driver-and-vehicle-licensing-agency,Red
/gwarchod-eich-tir-ach-eiddo-rhag-twyll,answer,publisher,HM Land Registry,land-registry,Red
/gweld-neu-rannu-eich-gwybodaeth-trwydded-yrru,transaction,publisher,Driver and Vehicle Licensing Agency,driver-and-vehicle-licensing-agency,Red
/gwerthu-prynu-cerbyd,simple_smart_answer,publisher,Driver and Vehicle Licensing Agency,driver-and-vehicle-licensing-agency,Red
/gwirio-cerbyd-petrol-e10,transaction,publisher,Driver and Vehicle Licensing Agency,driver-and-vehicle-licensing-agency,Red
/gwirio-gwybodaeth-trwydded-yrru-rhywun,transaction,publisher,Driver and Vehicle Licensing Agency,driver-and-vehicle-licensing-agency,Red
/gwirio-statws-mot,transaction,publisher,Driver and Vehicle Licensing Agency,driver-and-vehicle-licensing-agency,Red
/gwirio-treth-cerbyd,transaction,publisher,Driver and Vehicle Licensing Agency,driver-and-vehicle-licensing-agency,Red
/gwneud-cais-am-brofiant,guide,publisher,HM Courts & Tribunals Service | HM Land Registry | HM Revenue & Customs,hm-courts-and-tribunals-service | hm-revenue-customs | land-registry,Blue | Green | Red
/gwneud-cais-am-brofiant/ar-ol-i-chi-wneud-cais,guide,publisher,HM Courts & Tribunals Service | HM Land Registry | HM Revenue & Customs,hm-courts-and-tribunals-service | hm-revenue-customs | land-registry,Blue | Green | Red
/gwneud-cais-am-brofiant/cyn-ichi-wneud-cais,guide,publisher,HM Courts & Tribunals Service | HM Land Registry | HM Revenue & Customs,hm-courts-and-tribunals-service | hm-revenue-customs | land-registry,Blue | Green | Red
/gwneud-cais-am-brofiant/ffioedd,guide,publisher,HM Courts & Tribunals Service | HM Land Registry | HM Revenue & Customs,hm-courts-and-tribunals-service | hm-revenue-customs | land-registry,Blue | Green | Red
/gwneud-cais-am-brofiant/gwneud-cais-am-brofiant,guide,publisher,HM Courts & Tribunals Service | HM Land Registry | HM Revenue & Customs,hm-courts-and-tribunals-service | hm-revenue-customs | land-registry,Blue | Green | Red
/gwneud-cais-am-brofiant/os-nad-oes-ewyllys,guide,publisher,HM Courts & Tribunals Service | HM Land Registry | HM Revenue & Customs,hm-courts-and-tribunals-service | hm-revenue-customs | land-registry,Blue | Green | Red
/gwneud-cais-am-brofiant/os-oes-ewyllys,guide,publisher,HM Courts & Tribunals Service | HM Land Registry | HM Revenue & Customs,hm-courts-and-tribunals-service | hm-revenue-customs | land-registry,Blue | Green | Red
/gwneud-cais-am-ddogfen-teithio-anifeiliaid-anwes-gogledd-iwerddon,transaction,publisher,"Department for Environment, Food & Rural Affairs",department-for-environment-food-rural-affairs,Red
/gwneud-cais-am-eich-trwydded-yrru-lawn,answer,publisher,Driver and Vehicle Licensing Agency,driver-and-vehicle-licensing-agency,Red
/gwneud-cais-arlein-i-adnewyddu-trwydded-yrru,guide,publisher,Driver and Vehicle Licensing Agency,driver-and-vehicle-licensing-agency,Red
/gwneud-cais-arlein-i-adnewyddu-trwydded-yrru/gwneud-cais-dros-y-ffon-neu-drwyr-post,guide,publisher,Driver and Vehicle Licensing Agency,driver-and-vehicle-licensing-agency,Red
/gwneud-cais-pleidlais-drwy-ddirprwy,transaction,publisher,"Ministry of Housing, Communities and Local Government",ministry-of-housing-communities-local-government,Red
/gwneud-cais-pleidlais-drwyr-post,transaction,publisher,"Ministry of Housing, Communities and Local Government",ministry-of-housing-communities-local-government,Red
/gwneud-cais-ymlaen-llaw-am-dreth-cerbyd,answer,publisher,Driver and Vehicle Licensing Agency,driver-and-vehicle-licensing-agency,Red
/gwneud-hos,transaction,publisher,Driver and Vehicle Licensing Agency,driver-and-vehicle-licensing-agency,Red
/gwybodaeth-cerbyd-fflyd-dvla,transaction,publisher,Driver and Vehicle Licensing Agency,driver-and-vehicle-licensing-agency,Red
/gyrru-bws-mini,answer,publisher,Driver and Vehicle Licensing Agency,driver-and-vehicle-licensing-agency,Red
/gyrru-cartref-modur,answer,publisher,Driver and Vehicle Licensing Agency,driver-and-vehicle-licensing-agency,Red
/gyrru-cyflyrau-meddygol,guide,publisher,Driver and Vehicle Licensing Agency,driver-and-vehicle-licensing-agency,Red
/gyrru-cyflyrau-meddygol/adnewyddu-neu-ailymgeisio-am-eich-trwydded,guide,publisher,Driver and Vehicle Licensing Agency,driver-and-vehicle-licensing-agency,Red
/gyrru-cyflyrau-meddygol/beth-fydd-dvla-yn-ei-benderfynu,guide,publisher,Driver and Vehicle Licensing Agency,driver-and-vehicle-licensing-agency,Red
/gyrru-cyflyrau-meddygol/beth-sy-n-digwydd-ar-ol-ichi-ddweud-wrth-DVLA,guide,publisher,Driver and Vehicle Licensing Agency,driver-and-vehicle-licensing-agency,Red
/hand-luggage-restrictions,guide,publisher,Civil Aviation Authority | Department for Transport,civil-aviation-authority | department-for-transport,Red
/hand-luggage-restrictions/ammunition,guide,publisher,Civil Aviation Authority | Department for Transport,civil-aviation-authority | department-for-transport,Red
/hand-luggage-restrictions/baby-food-and-baby-milk,guide,publisher,Civil Aviation Authority | Department for Transport,civil-aviation-authority | department-for-transport,Red
/hand-luggage-restrictions/chemicals-and-toxic-substances,guide,publisher,Civil Aviation Authority | Department for Transport,civil-aviation-authority | department-for-transport,Red
/hand-luggage-restrictions/electronic-devices-and-electrical-items,guide,publisher,Civil Aviation Authority | Department for Transport,civil-aviation-authority | department-for-transport,Red
/hand-luggage-restrictions/essential-medicines-and-medical-equipment,guide,publisher,Civil Aviation Authority | Department for Transport,civil-aviation-authority | department-for-transport,Red
/hand-luggage-restrictions/liquids,guide,publisher,Civil Aviation Authority | Department for Transport,civil-aviation-authority | department-for-transport,Red
/hand-luggage-restrictions/personal-items,guide,publisher,Civil Aviation Authority | Department for Transport,civil-aviation-authority | department-for-transport,Red
/hand-luggage-restrictions/sports-equipment,guide,publisher,Civil Aviation Authority | Department for Transport,civil-aviation-authority | department-for-transport,Red
/hand-luggage-restrictions/work-tools,guide,publisher,Civil Aviation Authority | Department for Transport,civil-aviation-authority | department-for-transport,Red
/hazardous-waste-disposal,local_transaction,publisher,Environment Agency,environment-agency,Red
/head-injury-and-driving,answer,publisher,Driver and Vehicle Licensing Agency,driver-and-vehicle-licensing-agency,Red
/health-and-safety-on-ships,guide,publisher,Maritime and Coastguard Agency,maritime-and-coastguard-agency,Red
/health-and-safety-on-ships/fire-prevention,guide,publisher,Maritime and Coastguard Agency,maritime-and-coastguard-agency,Red
/health-and-safety-on-ships/marine-engineering,guide,publisher,Maritime and Coastguard Agency,maritime-and-coastguard-agency,Red
/health-and-safety-on-ships/noise-and-vibration,guide,publisher,Maritime and Coastguard Agency,maritime-and-coastguard-agency,Red
/health-and-safety-on-ships/protective-equipment,guide,publisher,Maritime and Coastguard Agency,maritime-and-coastguard-agency,Red
/health-and-safety-on-ships/risk-assessments,guide,publisher,Maritime and Coastguard Agency,maritime-and-coastguard-agency,Red
/health-and-safety-on-ships/safe-working-practices,guide,publisher,Maritime and Coastguard Agency,maritime-and-coastguard-agency,Red
/health-and-safety-on-ships/safety-in-ports,guide,publisher,Maritime and Coastguard Agency,maritime-and-coastguard-agency,Red
/health-and-safety-on-ships/safety-on-vessels-on-inland-waters,guide,publisher,Maritime and Coastguard Agency,maritime-and-coastguard-agency,Red
/health-and-safety-on-ships/seagoing-passenger-vessels,guide,publisher,Maritime and Coastguard Agency,maritime-and-coastguard-agency,Red
/health-and-safety-on-ships/small-commercial-vessels,guide,publisher,Maritime and Coastguard Agency,maritime-and-coastguard-agency,Red
/health-conditions-and-driving,guide,publisher,Driver and Vehicle Licensing Agency,driver-and-vehicle-licensing-agency,Red
/health-conditions-and-driving/find-condition-a-to-z,guide,publisher,Driver and Vehicle Licensing Agency,driver-and-vehicle-licensing-agency,Red
/health-conditions-and-driving/find-condition-online,guide,publisher,Driver and Vehicle Licensing Agency,driver-and-vehicle-licensing-agency,Red
/health-protection-team,place,publisher,UK Health Security Agency,uk-health-security-agency,Red
/healthy-start,answer,publisher,Department of Health and Social Care,department-of-health-and-social-care,Red
/heart-attacks-and-driving,answer,publisher,Driver and Vehicle Licensing Agency,driver-and-vehicle-licensing-agency,Red
/heart-failure-and-driving,answer,publisher,Driver and Vehicle Licensing Agency,driver-and-vehicle-licensing-agency,Red
/heart-murmurs-and-driving,answer,publisher,Driver and Vehicle Licensing Agency,driver-and-vehicle-licensing-agency,Red
/heart-palpitations-and-driving,answer,publisher,Driver and Vehicle Licensing Agency,driver-and-vehicle-licensing-agency,Red
/heart-transplant-driving,answer,publisher,Driver and Vehicle Licensing Agency,driver-and-vehicle-licensing-agency,Red
/help-afghanistan,guide,publisher,"Department for Work and Pensions | Home Office | Ministry of Housing, Communities and Local Government",department-for-work-pensions | home-office | ministry-of-housing-communities-local-government,Blue | Red | Yellow
/help-afghanistan/helping-people-to-settle-in-the-uk,guide,publisher,"Department for Work and Pensions | Home Office | Ministry of Housing, Communities and Local Government",department-for-work-pensions | home-office | ministry-of-housing-communities-local-government,Blue | Red | Yellow
/help-afghanistan/work,guide,publisher,"Department for Work and Pensions | Home Office | Ministry of Housing, Communities and Local Government",department-for-work-pensions | home-office | ministry-of-housing-communities-local-government,Blue | Red | Yellow
/help-during-flood,answer,publisher,Environment Agency,environment-agency,Red
/help-nhs-costs,transaction,publisher,Department of Health and Social Care,department-of-health-and-social-care,Red
/help-to-buy-equity-loan,answer,publisher,Homes England,homes-england,Red
/hemianopia-and-driving,answer,publisher,Driver and Vehicle Licensing Agency,driver-and-vehicle-licensing-agency,Red
/hgv-levy,transaction,publisher,Department for Transport,department-for-transport,Red
/high-blood-pressure-and-driving,answer,publisher,Driver and Vehicle Licensing Agency,driver-and-vehicle-licensing-agency,Red
/hiring-crew,guide,publisher,Department for Transport | Maritime and Coastguard Agency,department-for-transport | maritime-and-coastguard-agency,Red
/hiring-crew/certificates-of-competency,guide,publisher,Department for Transport | Maritime and Coastguard Agency,department-for-transport | maritime-and-coastguard-agency,Red
/hiring-crew/checking-crew-qualifications,guide,publisher,Department for Transport | Maritime and Coastguard Agency,department-for-transport | maritime-and-coastguard-agency,Red
/hiring-crew/crew-agreements,guide,publisher,Department for Transport | Maritime and Coastguard Agency,department-for-transport | maritime-and-coastguard-agency,Red
/hiring-crew/crew-lists,guide,publisher,Department for Transport | Maritime and Coastguard Agency,department-for-transport | maritime-and-coastguard-agency,Red
/hiring-crew/travel-documents,guide,publisher,Department for Transport | Maritime and Coastguard Agency,department-for-transport | maritime-and-coastguard-agency,Red
/historic-vehicles,guide,publisher,Driver and Vehicle Licensing Agency | Driver and Vehicle Standards Agency,driver-and-vehicle-licensing-agency | driver-and-vehicle-standards-agency,Red
/historic-vehicles/apply-for-vehicle-tax-exemption,guide,publisher,Driver and Vehicle Licensing Agency | Driver and Vehicle Standards Agency,driver-and-vehicle-licensing-agency | driver-and-vehicle-standards-agency,Red
/historic-vehicles/renewing-vehicle-tax-historic-vehicle,guide,publisher,Driver and Vehicle Licensing Agency | Driver and Vehicle Standards Agency,driver-and-vehicle-licensing-agency | driver-and-vehicle-standards-agency,Red
/historic-vehicles/vehicles-exempt-from-vehicle-tax,guide,publisher,Driver and Vehicle Licensing Agency | Driver and Vehicle Standards Agency,driver-and-vehicle-licensing-agency | driver-and-vehicle-standards-agency,Red
/hiv-and-driving,answer,publisher,Driver and Vehicle Licensing Agency,driver-and-vehicle-licensing-agency,Red
/hodgkins-lymphoma-and-driving,answer,publisher,Driver and Vehicle Licensing Agency,driver-and-vehicle-licensing-agency,Red
/homelessness-help-from-council,local_transaction,publisher,"Ministry of Housing, Communities and Local Government",ministry-of-housing-communities-local-government,Red
/horse-passport,guide,publisher,"Department for Environment, Food & Rural Affairs",department-for-environment-food-rural-affairs,Red
/horse-passport/apply-for-a-horse-passport,guide,publisher,"Department for Environment, Food & Rural Affairs",department-for-environment-food-rural-affairs,Red
/horse-passport/contact-the-helpline,guide,publisher,"Department for Environment, Food & Rural Affairs",department-for-environment-food-rural-affairs,Red
/horse-passport/import-or-export-a-horse-or-related-animal,guide,publisher,"Department for Environment, Food & Rural Affairs",department-for-environment-food-rural-affairs,Red
/horse-passport/update-or-replace-a-passport,guide,publisher,"Department for Environment, Food & Rural Affairs",department-for-environment-food-rural-affairs,Red
/hos-hysbysiad-oddi-ar-y-ffordd-statudol,guide,publisher,Driver and Vehicle Licensing Agency,driver-and-vehicle-licensing-agency,Red
/hos-hysbysiad-oddi-ar-y-ffordd-statudol/masnachwyr-moduron,guide,publisher,Driver and Vehicle Licensing Agency,driver-and-vehicle-licensing-agency,Red
/housing-association-homes,guide,publisher,"Ministry of Housing, Communities and Local Government",ministry-of-housing-communities-local-government,Red
/housing-association-homes/buying-your-home,guide,publisher,"Ministry of Housing, Communities and Local Government",ministry-of-housing-communities-local-government,Red
/housing-association-homes/complaints,guide,publisher,"Ministry of Housing, Communities and Local Government",ministry-of-housing-communities-local-government,Red
/housing-association-homes/standard-of-your-home,guide,publisher,"Ministry of Housing, Communities and Local Government",ministry-of-housing-communities-local-government,Red
/housing-association-homes/types-of-tenancy,guide,publisher,"Ministry of Housing, Communities and Local Government",ministry-of-housing-communities-local-government,Red
/housing-tribunals,guide,publisher,"HM Courts & Tribunals Service | HM Revenue & Customs | Ministry of Housing, Communities and Local Government",hm-courts-and-tribunals-service | hm-revenue-customs | ministry-of-housing-communities-local-government,Blue | Green | Red
/housing-tribunals/apply-to-the-tribunal,guide,publisher,"HM Courts & Tribunals Service | HM Revenue & Customs | Ministry of Housing, Communities and Local Government",hm-courts-and-tribunals-service | hm-revenue-customs | ministry-of-housing-communities-local-government,Blue | Green | Red
/housing-tribunals/if-youre-unhappy-with-the-decision,guide,publisher,"HM Courts & Tribunals Service | HM Revenue & Customs | Ministry of Housing, Communities and Local Government",hm-courts-and-tribunals-service | hm-revenue-customs | ministry-of-housing-communities-local-government,Blue | Green | Red
/housing-tribunals/legislation-and-previous-decisions,guide,publisher,"HM Courts & Tribunals Service | HM Revenue & Customs | Ministry of Housing, Communities and Local Government",hm-courts-and-tribunals-service | hm-revenue-customs | ministry-of-housing-communities-local-government,Blue | Green | Red
/housing-tribunals/what-happens-at-the-hearing,guide,publisher,"HM Courts & Tribunals Service | HM Revenue & Customs | Ministry of Housing, Communities and Local Government",hm-courts-and-tribunals-service | hm-revenue-customs | ministry-of-housing-communities-local-government,Blue | Green | Red
/how-report-antisocial-behaviour,guide,publisher,"Home Office | Ministry of Housing, Communities and Local Government",home-office | ministry-of-housing-communities-local-government,Red | Yellow
/how-report-antisocial-behaviour/make-report,guide,publisher,"Home Office | Ministry of Housing, Communities and Local Government",home-office | ministry-of-housing-communities-local-government,Red | Yellow
/how-report-antisocial-behaviour/report-council,guide,publisher,"Home Office | Ministry of Housing, Communities and Local Government",home-office | ministry-of-housing-communities-local-government,Red | Yellow
/how-report-antisocial-behaviour/report-police,guide,publisher,"Home Office | Ministry of Housing, Communities and Local Government",home-office | ministry-of-housing-communities-local-government,Red | Yellow
/how-report-antisocial-behaviour/reporting-landlord,guide,publisher,"Home Office | Ministry of Housing, Communities and Local Government",home-office | ministry-of-housing-communities-local-government,Red | Yellow
/how-report-antisocial-behaviour/support,guide,publisher,"Home Office | Ministry of Housing, Communities and Local Government",home-office | ministry-of-housing-communities-local-government,Red | Yellow
/how-to-resolve-neighbour-disputes,guide,publisher,"Ministry of Housing, Communities and Local Government",ministry-of-housing-communities-local-government,Red
/how-to-resolve-neighbour-disputes/call-the-police,guide,publisher,"Ministry of Housing, Communities and Local Government",ministry-of-housing-communities-local-government,Red
/how-to-resolve-neighbour-disputes/complain-about-noise-to-the-council,guide,publisher,"Ministry of Housing, Communities and Local Government",ministry-of-housing-communities-local-government,Red
/how-to-resolve-neighbour-disputes/contact-your-neighbours-landlord,guide,publisher,"Ministry of Housing, Communities and Local Government",ministry-of-housing-communities-local-government,Red
/how-to-resolve-neighbour-disputes/high-hedges-trees-and-boundaries,guide,publisher,"Ministry of Housing, Communities and Local Government",ministry-of-housing-communities-local-government,Red
/how-to-resolve-neighbour-disputes/take-action-through-the-courts,guide,publisher,"Ministry of Housing, Communities and Local Government",ministry-of-housing-communities-local-government,Red
/how-to-resolve-neighbour-disputes/talk-to-your-neighbour,guide,publisher,"Ministry of Housing, Communities and Local Government",ministry-of-housing-communities-local-government,Red
/how-to-resolve-neighbour-disputes/use-a-mediation-service,guide,publisher,"Ministry of Housing, Communities and Local Government",ministry-of-housing-communities-local-government,Red
/how-to-vote,guide,publisher,"Ministry of Housing, Communities and Local Government",ministry-of-housing-communities-local-government,Red
/how-to-vote/photo-id-youll-need,guide,publisher,"Ministry of Housing, Communities and Local Government",ministry-of-housing-communities-local-government,Red
/how-to-vote/postal-voting,guide,publisher,"Ministry of Housing, Communities and Local Government",ministry-of-housing-communities-local-government,Red
/how-to-vote/voting-as-proxy-for-someone-else,guide,publisher,"Ministry of Housing, Communities and Local Government",ministry-of-housing-communities-local-government,Red
/how-to-vote/voting-by-proxy,guide,publisher,"Ministry of Housing, Communities and Local Government",ministry-of-housing-communities-local-government,Red
/how-to-vote/voting-from-abroad,guide,publisher,"Ministry of Housing, Communities and Local Government",ministry-of-housing-communities-local-government,Red
/how-to-vote/voting-in-person,guide,publisher,"Ministry of Housing, Communities and Local Government",ministry-of-housing-communities-local-government,Red
/hunting,guide,publisher,"Department for Environment, Food & Rural Affairs | Natural England",department-for-environment-food-rural-affairs | natural-england,Red
/hunting/birds,guide,publisher,"Department for Environment, Food & Rural Affairs | Natural England",department-for-environment-food-rural-affairs | natural-england,Red
/hunting/mammals,guide,publisher,"Department for Environment, Food & Rural Affairs | Natural England",department-for-environment-food-rural-affairs | natural-england,Red
/huntingtons-disease-and-driving,answer,publisher,Driver and Vehicle Licensing Agency,driver-and-vehicle-licensing-agency,Red
/hydrocephalus-and-driving,answer,publisher,Driver and Vehicle Licensing Agency,driver-and-vehicle-licensing-agency,Red
/hypertrophic-cardiomyopathy-and-driving,answer,publisher,Driver and Vehicle Licensing Agency,driver-and-vehicle-licensing-agency,Red
/hypoglycaemia-and-driving,answer,publisher,Driver and Vehicle Licensing Agency,driver-and-vehicle-licensing-agency,Red
/hypoxic-brain-damage-and-driving,answer,publisher,Driver and Vehicle Licensing Agency,driver-and-vehicle-licensing-agency,Red
/id-am-drwydded-yrru,answer,publisher,Driver and Vehicle Licensing Agency,driver-and-vehicle-licensing-agency,Red
/id-for-driving-licence,answer,publisher,Driver and Vehicle Licensing Agency,driver-and-vehicle-licensing-agency,Red
/if-your-child-is-taken-into-care,guide,publisher,Cafcass | Department of Health and Social Care | HM Courts & Tribunals Service,children-and-family-court-advisory-and-support-service | department-of-health-and-social-care | hm-courts-and-tribunals-service,Blue | Red
/if-your-child-is-taken-into-care/care-proceedings,guide,publisher,Cafcass | Department of Health and Social Care | HM Courts & Tribunals Service,children-and-family-court-advisory-and-support-service | department-of-health-and-social-care | hm-courts-and-tribunals-service,Blue | Red
/if-your-child-is-taken-into-care/educating-children-in-care,guide,publisher,Cafcass | Department of Health and Social Care | HM Courts & Tribunals Service,children-and-family-court-advisory-and-support-service | department-of-health-and-social-care | hm-courts-and-tribunals-service,Blue | Red
/if-your-child-is-taken-into-care/going-to-court,guide,publisher,Cafcass | Department of Health and Social Care | HM Courts & Tribunals Service,children-and-family-court-advisory-and-support-service | department-of-health-and-social-care | hm-courts-and-tribunals-service,Blue | Red
/if-youre-homeless-at-risk-of-homelessness,answer,publisher,"Ministry of Housing, Communities and Local Government",ministry-of-housing-communities-local-government,Red
/ildio-eich-trwydded-yrru-yn-wirfoddol,answer,publisher,Driver and Vehicle Licensing Agency,driver-and-vehicle-licensing-agency,Red
/import-customs-declaration,step_by_step_nav,collections-publisher,"Department for Business and Trade | Department for Environment, Food & Rural Affairs | Department for International Trade | HM Revenue & Customs",department-for-business-and-trade | department-for-environment-food-rural-affairs | department-for-international-trade | hm-revenue-customs,Green | Red | Yellow
/import-goods-into-uk,step_by_step_nav,collections-publisher,"Department for Business and Trade | Department for Environment, Food & Rural Affairs | Department for International Trade | HM Revenue & Customs",department-for-business-and-trade | department-for-environment-food-rural-affairs | department-for-international-trade | hm-revenue-customs,Green | Red | Yellow
/importing-vehicles-into-the-uk,guide,publisher,Driver and Vehicle Licensing Agency | HM Revenue & Customs,driver-and-vehicle-licensing-agency | hm-revenue-customs,Green | Red
/importing-vehicles-into-the-uk/bringing-a-vehicle-back-to-the-uk,guide,publisher,Driver and Vehicle Licensing Agency | HM Revenue & Customs,driver-and-vehicle-licensing-agency | hm-revenue-customs,Green | Red
/importing-vehicles-into-the-uk/getting-vehicle-approval,guide,publisher,Driver and Vehicle Licensing Agency | HM Revenue & Customs,driver-and-vehicle-licensing-agency | hm-revenue-customs,Green | Red
/importing-vehicles-into-the-uk/import-damaged-salvaged,guide,publisher,Driver and Vehicle Licensing Agency | HM Revenue & Customs,driver-and-vehicle-licensing-agency | hm-revenue-customs,Green | Red
/importing-vehicles-into-the-uk/making-import-declaration,guide,publisher,Driver and Vehicle Licensing Agency | HM Revenue & Customs,driver-and-vehicle-licensing-agency | hm-revenue-customs,Green | Red
/importing-vehicles-into-the-uk/pay-vat-northern-ireland-eu,guide,publisher,Driver and Vehicle Licensing Agency | HM Revenue & Customs,driver-and-vehicle-licensing-agency | hm-revenue-customs,Green | Red
/importing-vehicles-into-the-uk/paying-vat-and-duty,guide,publisher,Driver and Vehicle Licensing Agency | HM Revenue & Customs,driver-and-vehicle-licensing-agency | hm-revenue-customs,Green | Red
/importing-vehicles-into-the-uk/registering-an-imported-vehicle,guide,publisher,Driver and Vehicle Licensing Agency | HM Revenue & Customs,driver-and-vehicle-licensing-agency | hm-revenue-customs,Green | Red
/importing-vehicles-into-the-uk/telling-hmrc,guide,publisher,Driver and Vehicle Licensing Agency | HM Revenue & Customs,driver-and-vehicle-licensing-agency | hm-revenue-customs,Green | Red
/importing-vehicles-into-the-uk/temporary-imports,guide,publisher,Driver and Vehicle Licensing Agency | HM Revenue & Customs,driver-and-vehicle-licensing-agency | hm-revenue-customs,Green | Red
/infected-blood-compensation-estates,guide,publisher,Cabinet Office | Infected Blood Compensation Authority,cabinet-office | infected-blood-compensation-authority,Blue | Red
/infected-blood-compensation-estates/apply-for-compensation,guide,publisher,Cabinet Office | Infected Blood Compensation Authority,cabinet-office | infected-blood-compensation-authority,Blue | Red
/infected-blood-compensation-estates/applying-for-probate-or-confirmation,guide,publisher,Cabinet Office | Infected Blood Compensation Authority,cabinet-office | infected-blood-compensation-authority,Blue | Red
/infected-blood-compensation-estates/claim-back-legal-costs,guide,publisher,Cabinet Office | Infected Blood Compensation Authority,cabinet-office | infected-blood-compensation-authority,Blue | Red
/infected-blood-compensation-estates/eligibility,guide,publisher,Cabinet Office | Infected Blood Compensation Authority,cabinet-office | infected-blood-compensation-authority,Blue | Red
/infected-blood-compensation-estates/get-help,guide,publisher,Cabinet Office | Infected Blood Compensation Authority,cabinet-office | infected-blood-compensation-authority,Blue | Red
/infected-blood-compensation-estates/other-help-you-can-get,guide,publisher,Cabinet Office | Infected Blood Compensation Authority,cabinet-office | infected-blood-compensation-authority,Blue | Red
/insurance-claim-against-council,local_transaction,publisher,"Ministry of Housing, Communities and Local Government",ministry-of-housing-communities-local-government,Red
/intracerebral-haemorrhage-and-driving,answer,publisher,Driver and Vehicle Licensing Agency,driver-and-vehicle-licensing-agency,Red
/introduction-to-business-rates,guide,publisher,"HM Revenue & Customs | Ministry of Housing, Communities and Local Government",hm-revenue-customs | ministry-of-housing-communities-local-government,Green | Red
/introduction-to-business-rates/getting-professional-advice,guide,publisher,"HM Revenue & Customs | Ministry of Housing, Communities and Local Government",hm-revenue-customs | ministry-of-housing-communities-local-government,Green | Red
/introduction-to-business-rates/how-your-rates-are-calculated,guide,publisher,"HM Revenue & Customs | Ministry of Housing, Communities and Local Government",hm-revenue-customs | ministry-of-housing-communities-local-government,Green | Red
/introduction-to-business-rates/if-your-business-or-premises-change-or-cant-be-used,guide,publisher,"HM Revenue & Customs | Ministry of Housing, Communities and Local Government",hm-revenue-customs | ministry-of-housing-communities-local-government,Green | Red
/introduction-to-business-rates/pubs-and-licensed-trade,guide,publisher,"HM Revenue & Customs | Ministry of Housing, Communities and Local Government",hm-revenue-customs | ministry-of-housing-communities-local-government,Green | Red
/introduction-to-business-rates/revaluation,guide,publisher,"HM Revenue & Customs | Ministry of Housing, Communities and Local Government",hm-revenue-customs | ministry-of-housing-communities-local-government,Green | Red
/introduction-to-business-rates/self-catering-and-holiday-let-accommodation,guide,publisher,"HM Revenue & Customs | Ministry of Housing, Communities and Local Government",hm-revenue-customs | ministry-of-housing-communities-local-government,Green | Red
/introduction-to-business-rates/working-at-home,guide,publisher,"HM Revenue & Customs | Ministry of Housing, Communities and Local Government",hm-revenue-customs | ministry-of-housing-communities-local-government,Green | Red
/ischaemic-heart-disease-and-driving,answer,publisher,Driver and Vehicle Licensing Agency,driver-and-vehicle-licensing-agency,Red
/joint-property-ownership,guide,publisher,HM Land Registry,land-registry,Red
/joint-property-ownership/change-from-joint-tenants-to-tenants-in-common,guide,publisher,HM Land Registry,land-registry,Red
/joint-property-ownership/change-from-tenants-in-common-to-joint-tenants,guide,publisher,HM Land Registry,land-registry,Red
/joint-property-ownership/check-your-ownership-details,guide,publisher,HM Land Registry,land-registry,Red
/joint-property-ownership/selling-when-an-owner-has-lost-mental-capacity,guide,publisher,HM Land Registry,land-registry,Red
/keeping-horses,guide,publisher,"Department for Environment, Food & Rural Affairs",department-for-environment-food-rural-affairs,Red
/keeping-horses/dealing-with-waste,guide,publisher,"Department for Environment, Food & Rural Affairs",department-for-environment-food-rural-affairs,Red
/keeping-horses/death-and-disease,guide,publisher,"Department for Environment, Food & Rural Affairs",department-for-environment-food-rural-affairs,Red
/keeping-horses/stables-and-livery-yards,guide,publisher,"Department for Environment, Food & Rural Affairs",department-for-environment-food-rural-affairs,Red
/keeping-horses/transporting-horses,guide,publisher,"Department for Environment, Food & Rural Affairs",department-for-environment-food-rural-affairs,Red
/kidney-dialysis-and-driving,answer,publisher,Driver and Vehicle Licensing Agency,driver-and-vehicle-licensing-agency,Red
/kidney-problems-and-driving,answer,publisher,Driver and Vehicle Licensing Agency,driver-and-vehicle-licensing-agency,Red
/korsakoffs-syndrome-and-driving,answer,publisher,Driver and Vehicle Licensing Agency,driver-and-vehicle-licensing-agency,Red
/labelling-and-handling-food-for-international-transport,answer,publisher,"Department for Environment, Food & Rural Affairs | Department for Transport",department-for-environment-food-rural-affairs | department-for-transport,Red
/labyrinthitis-and-driving,answer,publisher,Driver and Vehicle Licensing Agency,driver-and-vehicle-licensing-agency,Red
/learn-to-drive-a-car,step_by_step_nav,collections-publisher,Department for Transport | Driver and Vehicle Licensing Agency | Driver and Vehicle Standards Agency,department-for-transport | driver-and-vehicle-licensing-agency | driver-and-vehicle-standards-agency,Red
/learning-disabilities-and-driving,answer,publisher,Driver and Vehicle Licensing Agency,driver-and-vehicle-licensing-agency,Red
/learning-to-drive-a-tractor-or-specialist-vehicle,guide,publisher,Driver and Vehicle Licensing Agency | Driver and Vehicle Standards Agency,driver-and-vehicle-licensing-agency | driver-and-vehicle-standards-agency,Red
/learning-to-drive-a-tractor-or-specialist-vehicle/age-limits,guide,publisher,Driver and Vehicle Licensing Agency | Driver and Vehicle Standards Agency,driver-and-vehicle-licensing-agency | driver-and-vehicle-standards-agency,Red
/learning-to-drive-a-tractor-or-specialist-vehicle/driving-tests-for-tractors-and-specialist-vehicles,guide,publisher,Driver and Vehicle Licensing Agency | Driver and Vehicle Standards Agency,driver-and-vehicle-licensing-agency | driver-and-vehicle-standards-agency,Red
/learning-to-drive-a-tractor-or-specialist-vehicle/practising-driving-a-tractor-or-specialist-vehicle,guide,publisher,Driver and Vehicle Licensing Agency | Driver and Vehicle Standards Agency,driver-and-vehicle-licensing-agency | driver-and-vehicle-standards-agency,Red
/learning-to-drive-a-tractor-or-specialist-vehicle/rules-for-test-vehicles,guide,publisher,Driver and Vehicle Licensing Agency | Driver and Vehicle Standards Agency,driver-and-vehicle-licensing-agency | driver-and-vehicle-standards-agency,Red
/leasehold-property,guide,publisher,"Ministry of Housing, Communities and Local Government",ministry-of-housing-communities-local-government,Red
/leasehold-property/buying-the-freehold,guide,publisher,"Ministry of Housing, Communities and Local Government",ministry-of-housing-communities-local-government,Red
/leasehold-property/extending-changing-or-ending-a-lease,guide,publisher,"Ministry of Housing, Communities and Local Government",ministry-of-housing-communities-local-government,Red
/leasehold-property/leasehold-disputes,guide,publisher,"Ministry of Housing, Communities and Local Government",ministry-of-housing-communities-local-government,Red
/leasehold-property/leaseholder-rights-and-responsibilities,guide,publisher,"Ministry of Housing, Communities and Local Government",ministry-of-housing-communities-local-government,Red
/leasehold-property/right-to-manage-and-management-disputes,guide,publisher,"Ministry of Housing, Communities and Local Government",ministry-of-housing-communities-local-government,Red
/leasehold-property/service-charges-and-other-expenses,guide,publisher,"Ministry of Housing, Communities and Local Government",ministry-of-housing-communities-local-government,Red
/left-bundle-branch-block-and-driving,answer,publisher,Driver and Vehicle Licensing Agency,driver-and-vehicle-licensing-agency,Red
/legal-obligations-drivers-riders,answer,publisher,Department for Transport | Driver and Vehicle Licensing Agency | Driver and Vehicle Standards Agency,department-for-transport | driver-and-vehicle-licensing-agency | driver-and-vehicle-standards-agency,Red
/legal-rights-for-egg-and-sperm-donors,answer,publisher,Department of Health and Social Care | Human Fertilisation and Embryology Authority,department-of-health-and-social-care | human-fertilisation-and-embryology-authority,Red
/legal-rights-when-using-surrogates-and-donors,guide,publisher,HM Courts & Tribunals Service | Human Fertilisation and Embryology Authority,hm-courts-and-tribunals-service | human-fertilisation-and-embryology-authority,Blue | Red
/legal-rights-when-using-surrogates-and-donors/become-the-childs-legal-parent,guide,publisher,HM Courts & Tribunals Service | Human Fertilisation and Embryology Authority,hm-courts-and-tribunals-service | human-fertilisation-and-embryology-authority,Blue | Red
/legal-rights-when-using-surrogates-and-donors/children-born-outside-the-uk,guide,publisher,HM Courts & Tribunals Service | Human Fertilisation and Embryology Authority,hm-courts-and-tribunals-service | human-fertilisation-and-embryology-authority,Blue | Red
/legal-rights-when-using-surrogates-and-donors/maternity-leave,guide,publisher,HM Courts & Tribunals Service | Human Fertilisation and Embryology Authority,hm-courts-and-tribunals-service | human-fertilisation-and-embryology-authority,Blue | Red
/leukaemia-and-driving,answer,publisher,Driver and Vehicle Licensing Agency,driver-and-vehicle-licensing-agency,Red
/lewy-body-dementia-and-driving,answer,publisher,Driver and Vehicle Licensing Agency,driver-and-vehicle-licensing-agency,Red
/licence-to-play-live-or-recorded-music,answer,publisher,"Department for Culture, Media and Sport | Department for Digital, Culture, Media & Sport",department-for-culture-media-and-sport | department-for-digital-culture-media-sport,Red
/licence-wild-animal,answer,publisher,"Department for Environment, Food & Rural Affairs",department-for-environment-food-rural-affairs,Red
/limb-disability-and-driving,answer,publisher,Driver and Vehicle Licensing Agency,driver-and-vehicle-licensing-agency,Red
/limousine-licensing,answer,publisher,Department for Transport | Driver and Vehicle Standards Agency | Traffic Commissioners for Great Britain,department-for-transport | driver-and-vehicle-standards-agency | traffic-commissioners,Red
/llyfr-log-cerbyd,guide,publisher,Driver and Vehicle Licensing Agency,driver-and-vehicle-licensing-agency,Red
/llyfr-log-cerbyd/os-na-allwch-gael-llyfr-log-arlein,guide,publisher,Driver and Vehicle Licensing Agency,driver-and-vehicle-licensing-agency,Red
/local-library-services,local_transaction,publisher,"Department for Culture, Media and Sport | Department for Digital, Culture, Media & Sport",department-for-culture-media-and-sport | department-for-digital-culture-media-sport,Red
/local-planning-emergency-major-incident,local_transaction,publisher,"Ministry of Housing, Communities and Local Government",ministry-of-housing-communities-local-government,Red
/local-street-cleaning,local_transaction,publisher,"Department for Environment, Food & Rural Affairs",department-for-environment-food-rural-affairs,Red
/long-qt-syndrome-driving,answer,publisher,Driver and Vehicle Licensing Agency,driver-and-vehicle-licensing-agency,Red
/low-flying-in-your-area,guide,publisher,Military Aviation Authority | Ministry of Defence,military-aviation-authority | ministry-of-defence,Red
/low-flying-in-your-area/find-out-about-low-flying-in-your-area,guide,publisher,Military Aviation Authority | Ministry of Defence,military-aviation-authority | ministry-of-defence,Red
/low-flying-in-your-area/request-low-flying-to-be-temporarily-stopped,guide,publisher,Military Aviation Authority | Ministry of Defence,military-aviation-authority | ministry-of-defence,Red
/low-flying-in-your-area/where-and-when-low-flying-happens,guide,publisher,Military Aviation Authority | Ministry of Defence,military-aviation-authority | ministry-of-defence,Red
/lumboperitoneal-shunt-and-driving,answer,publisher,Driver and Vehicle Licensing Agency,driver-and-vehicle-licensing-agency,Red
/lung-cancer-and-driving,answer,publisher,Driver and Vehicle Licensing Agency,driver-and-vehicle-licensing-agency,Red
/lymphoma-and-driving,answer,publisher,Driver and Vehicle Licensing Agency,driver-and-vehicle-licensing-agency,Red
/make-a-freedom-of-information-request,guide,publisher,Information Commissioner's Office | Ministry of Justice,information-commissioner-s-office | ministry-of-justice,Blue | Red
/make-a-freedom-of-information-request/how-to-make-an-foi-request,guide,publisher,Information Commissioner's Office | Ministry of Justice,information-commissioner-s-office | ministry-of-justice,Blue | Red
/make-a-freedom-of-information-request/if-your-request-is-turned-down,guide,publisher,Information Commissioner's Office | Ministry of Justice,information-commissioner-s-office | ministry-of-justice,Blue | Red
/make-a-freedom-of-information-request/organisations-you-can-ask-for-information,guide,publisher,Information Commissioner's Office | Ministry of Justice,information-commissioner-s-office | ministry-of-justice,Blue | Red
/make-a-sorn,transaction,publisher,Driver and Vehicle Licensing Agency,driver-and-vehicle-licensing-agency,Red
/malignant-melanoma-and-driving,answer,publisher,Driver and Vehicle Licensing Agency,driver-and-vehicle-licensing-agency,Red
/manage-approved-driving-instructor-registration,guide,publisher,Driver and Vehicle Standards Agency,driver-and-vehicle-standards-agency,Red
/manage-approved-driving-instructor-registration/change-when-youre-available-for-practical-tests,guide,publisher,Driver and Vehicle Standards Agency,driver-and-vehicle-standards-agency,Red
/manage-approved-driving-instructor-registration/lost-stolen-adi-certificates,guide,publisher,Driver and Vehicle Standards Agency,driver-and-vehicle-standards-agency,Red
/manage-approved-driving-instructor-registration/report-cautions-or-convictions,guide,publisher,Driver and Vehicle Standards Agency,driver-and-vehicle-standards-agency,Red
/manage-approved-driving-instructor-registration/stop-giving-driving-lessons,guide,publisher,Driver and Vehicle Standards Agency,driver-and-vehicle-standards-agency,Red
/manage-vehicle-operator-licence,transaction,publisher,Driver and Vehicle Standards Agency | Traffic Commissioners for Great Britain,driver-and-vehicle-standards-agency | traffic-commissioners,Red
/managing-wildlife-on-your-land,answer,publisher,"Department for Environment, Food & Rural Affairs | Natural England",department-for-environment-food-rural-affairs | natural-england,Red
/marfan-syndrome-and-driving,answer,publisher,Driver and Vehicle Licensing Agency,driver-and-vehicle-licensing-agency,Red
/maritime-reporting,answer,publisher,Maritime and Coastguard Agency,maritime-and-coastguard-agency,Red
/maritime-safety-weather-and-navigation,guide,publisher,Maritime and Coastguard Agency,maritime-and-coastguard-agency,Red
/maritime-safety-weather-and-navigation/406-mhz-beacons,guide,publisher,Maritime and Coastguard Agency,maritime-and-coastguard-agency,Red
/maritime-safety-weather-and-navigation/navigating-safely,guide,publisher,Maritime and Coastguard Agency,maritime-and-coastguard-agency,Red
/maritime-safety-weather-and-navigation/navigation-equipment-for-small-commercial-vessels,guide,publisher,Maritime and Coastguard Agency,maritime-and-coastguard-agency,Red
/maritime-safety-weather-and-navigation/navigational-guidance-and-warnings,guide,publisher,Maritime and Coastguard Agency,maritime-and-coastguard-agency,Red
/maritime-safety-weather-and-navigation/the-global-maritime-distress-and-safety-system,guide,publisher,Maritime and Coastguard Agency,maritime-and-coastguard-agency,Red
/maritime-safety-weather-and-navigation/voyage-data-recorders,guide,publisher,Maritime and Coastguard Agency,maritime-and-coastguard-agency,Red
/maritime-safety-weather-and-navigation/weather-and-tide-information,guide,publisher,Maritime and Coastguard Agency,maritime-and-coastguard-agency,Red
/medulloblastoma-driving,answer,publisher,Driver and Vehicle Licensing Agency,driver-and-vehicle-licensing-agency,Red
/meningioma-and-driving,answer,publisher,Driver and Vehicle Licensing Agency,driver-and-vehicle-licensing-agency,Red
/mental-health-tribunal,guide,publisher,Department of Health and Social Care | HM Courts & Tribunals Service,department-of-health-and-social-care | hm-courts-and-tribunals-service,Blue | Red
/mental-health-tribunal/after-you-apply,guide,publisher,Department of Health and Social Care | HM Courts & Tribunals Service,department-of-health-and-social-care | hm-courts-and-tribunals-service,Blue | Red
/mental-health-tribunal/apply-to-tribunal,guide,publisher,Department of Health and Social Care | HM Courts & Tribunals Service,department-of-health-and-social-care | hm-courts-and-tribunals-service,Blue | Red
/mental-health-tribunal/legislation,guide,publisher,Department of Health and Social Care | HM Courts & Tribunals Service,department-of-health-and-social-care | hm-courts-and-tribunals-service,Blue | Red
/mental-health-tribunal/the-tribunals-decision,guide,publisher,Department of Health and Social Care | HM Courts & Tribunals Service,department-of-health-and-social-care | hm-courts-and-tribunals-service,Blue | Red
/mental-health-tribunal/what-happens-at-the-hearing,guide,publisher,Department of Health and Social Care | HM Courts & Tribunals Service,department-of-health-and-social-care | hm-courts-and-tribunals-service,Blue | Red
/missed-bin-collection,local_transaction,publisher,"Department for Environment, Food & Rural Affairs",department-for-environment-food-rural-affairs,Red
/mobility-scooters-and-powered-wheelchairs-rules,guide,publisher,Driver and Vehicle Licensing Agency,driver-and-vehicle-licensing-agency,Red
/mobility-scooters-and-powered-wheelchairs-rules/classes,guide,publisher,Driver and Vehicle Licensing Agency,driver-and-vehicle-licensing-agency,Red
/mobility-scooters-and-powered-wheelchairs-rules/driving-on-footpaths-and-parking,guide,publisher,Driver and Vehicle Licensing Agency,driver-and-vehicle-licensing-agency,Red
/mobility-scooters-and-powered-wheelchairs-rules/driving-on-the-road,guide,publisher,Driver and Vehicle Licensing Agency,driver-and-vehicle-licensing-agency,Red
/mobility-scooters-and-powered-wheelchairs-rules/eyesight-requirements,guide,publisher,Driver and Vehicle Licensing Agency,driver-and-vehicle-licensing-agency,Red
/mobility-scooters-and-powered-wheelchairs-rules/vehicle-tax-registration-and-insurance,guide,publisher,Driver and Vehicle Licensing Agency,driver-and-vehicle-licensing-agency,Red
/monocular-vision-and-driving,answer,publisher,Driver and Vehicle Licensing Agency,driver-and-vehicle-licensing-agency,Red
/mortgage-rescue-scheme,answer,publisher,"Ministry of Housing, Communities and Local Government",ministry-of-housing-communities-local-government,Red
/mot-for-hgv-buses-and-trailers,guide,publisher,Driver and Vehicle Standards Agency,driver-and-vehicle-standards-agency,Red
/mot-for-hgv-buses-and-trailers/at-the-test-centre,guide,publisher,Driver and Vehicle Standards Agency,driver-and-vehicle-standards-agency,Red
/mot-for-hgv-buses-and-trailers/book-your-test,guide,publisher,Driver and Vehicle Standards Agency,driver-and-vehicle-standards-agency,Red
/mot-for-hgv-buses-and-trailers/fees,guide,publisher,Driver and Vehicle Standards Agency,driver-and-vehicle-standards-agency,Red
/mot-lorry-bus-trailer,step_by_step_nav,collections-publisher,Driver and Vehicle Standards Agency,driver-and-vehicle-standards-agency,Red
/mot-tester-training-assessments,guide,publisher,Driver and Vehicle Standards Agency,driver-and-vehicle-standards-agency,Red
/mot-tester-training-assessments/taking-your-assessment,guide,publisher,Driver and Vehicle Standards Agency,driver-and-vehicle-standards-agency,Red
/mot-tester-training-assessments/training,guide,publisher,Driver and Vehicle Standards Agency,driver-and-vehicle-standards-agency,Red
/mot-testing-service,transaction,publisher,Driver and Vehicle Standards Agency,driver-and-vehicle-standards-agency,Red
/motor-neurone-disease-and-driving,answer,publisher,Driver and Vehicle Licensing Agency,driver-and-vehicle-licensing-agency,Red
/motorcycle-cbt,guide,publisher,Driver and Vehicle Standards Agency,driver-and-vehicle-standards-agency,Red
/motorcycle-cbt/book-cbt-course,guide,publisher,Driver and Vehicle Standards Agency,driver-and-vehicle-standards-agency,Red
/motorcycle-cbt/car-driving-licence,guide,publisher,Driver and Vehicle Standards Agency,driver-and-vehicle-standards-agency,Red
/motorcycle-cbt/complain,guide,publisher,Driver and Vehicle Standards Agency,driver-and-vehicle-standards-agency,Red
/motorcycle-cbt/how-training-works,guide,publisher,Driver and Vehicle Standards Agency,driver-and-vehicle-standards-agency,Red
/motorcycle-cbt/offshore-islands,guide,publisher,Driver and Vehicle Standards Agency,driver-and-vehicle-standards-agency,Red
/motorcycle-cbt/prepare-cbt-course,guide,publisher,Driver and Vehicle Standards Agency,driver-and-vehicle-standards-agency,Red
/motorcycle-cbt/what-to-take,guide,publisher,Driver and Vehicle Standards Agency,driver-and-vehicle-standards-agency,Red
/motorcycle-helmet-law,answer,publisher,Department for Transport,department-for-transport,Red
/motorcycle-test,guide,publisher,Driver and Vehicle Standards Agency,driver-and-vehicle-standards-agency,Red
/motorcycle-test/disability-health-condition-learning-difficulty,guide,publisher,Driver and Vehicle Standards Agency,driver-and-vehicle-standards-agency,Red
/motorcycle-test/module-1-offroad-test,guide,publisher,Driver and Vehicle Standards Agency,driver-and-vehicle-standards-agency,Red
/motorcycle-test/module-2-onroad-test,guide,publisher,Driver and Vehicle Standards Agency,driver-and-vehicle-standards-agency,Red
/motorcycle-test/motorcycles-mopeds-you-can-use,guide,publisher,Driver and Vehicle Standards Agency,driver-and-vehicle-standards-agency,Red
/motorcycle-test/test-cancelled-bad-weather,guide,publisher,Driver and Vehicle Standards Agency,driver-and-vehicle-standards-agency,Red
/motorcycle-test/what-to-take,guide,publisher,Driver and Vehicle Standards Agency,driver-and-vehicle-standards-agency,Red
/motorcycle-theory-test,guide,publisher,Driver and Vehicle Standards Agency,driver-and-vehicle-standards-agency,Red
/motorcycle-theory-test/hazard-perception-test,guide,publisher,Driver and Vehicle Standards Agency,driver-and-vehicle-standards-agency,Red
/motorcycle-theory-test/multiple-choice-questions,guide,publisher,Driver and Vehicle Standards Agency,driver-and-vehicle-standards-agency,Red
/motorcycle-theory-test/pass-mark-and-result,guide,publisher,Driver and Vehicle Standards Agency,driver-and-vehicle-standards-agency,Red
/motorcycle-theory-test/reading-difficulty-disability-or-health-condition,guide,publisher,Driver and Vehicle Standards Agency,driver-and-vehicle-standards-agency,Red
/motorcycle-theory-test/revision-and-practice,guide,publisher,Driver and Vehicle Standards Agency,driver-and-vehicle-standards-agency,Red
/motorcycle-theory-test/what-to-take,guide,publisher,Driver and Vehicle Standards Agency,driver-and-vehicle-standards-agency,Red
/motorcycle-theory-test/when-you-arrive-at-the-test-centre,guide,publisher,Driver and Vehicle Standards Agency,driver-and-vehicle-standards-agency,Red
/motorcycle-trainer-fees,answer,publisher,Driver and Vehicle Standards Agency,driver-and-vehicle-standards-agency,Red
/motorcycle-trainer-standards-check,guide,publisher,Driver and Vehicle Standards Agency,driver-and-vehicle-standards-agency,Red
/motorcycle-trainer-standards-check/what-happens-at-the-standards-check,guide,publisher,Driver and Vehicle Standards Agency,driver-and-vehicle-standards-agency,Red
/motorcycle-trainer-standards-check/your-standards-check-result,guide,publisher,Driver and Vehicle Standards Agency,driver-and-vehicle-standards-agency,Red
/multiple-sclerosis-and-driving,answer,publisher,Driver and Vehicle Licensing Agency,driver-and-vehicle-licensing-agency,Red
/muscular-dystrophy-and-driving,answer,publisher,Driver and Vehicle Licensing Agency,driver-and-vehicle-licensing-agency,Red
/myasthenia-gravis-and-driving,answer,publisher,Driver and Vehicle Licensing Agency,driver-and-vehicle-licensing-agency,Red
/myoclonus-and-driving,answer,publisher,Driver and Vehicle Licensing Agency,driver-and-vehicle-licensing-agency,Red
/narcolepsy-and-driving,answer,publisher,Driver and Vehicle Licensing Agency,driver-and-vehicle-licensing-agency,Red
/newid-cyfeiriad-trwydded-yrru,guide,publisher,Driver and Vehicle Licensing Agency,driver-and-vehicle-licensing-agency,Red
/newid-cyfeiriad-trwydded-yrru/wneud-cais-drwyr-post,guide,publisher,Driver and Vehicle Licensing Agency,driver-and-vehicle-licensing-agency,Red
/newid-cyfeiriad-v5cw,guide,publisher,Driver and Vehicle Licensing Agency,driver-and-vehicle-licensing-agency,Red
/newid-cyfeiriad-v5cw/newid-enw-cyfeiriad-v5cw,guide,publisher,Driver and Vehicle Licensing Agency,driver-and-vehicle-licensing-agency,Red
/newid-dosbarth-treth-cerbyd,guide,publisher,Driver and Vehicle Licensing Agency,driver-and-vehicle-licensing-agency,Red
/newid-dosbarth-treth-cerbyd/cyfrifo-cyfradd-dreth-newydd,guide,publisher,Driver and Vehicle Licensing Agency,driver-and-vehicle-licensing-agency,Red
/newid-dosbarth-treth-cerbyd/treth-ar-fin-dod-i-ben-neun-newid-os-yw-cerbyd-wedii-eithrio,guide,publisher,Driver and Vehicle Licensing Agency,driver-and-vehicle-licensing-agency,Red
/newid-dosbarth-treth-cerbyd/treth-ddim-ar-fin-dod-i-ben,guide,publisher,Driver and Vehicle Licensing Agency,driver-and-vehicle-licensing-agency,Red
/newid-enw-trwydded-yrru,answer,publisher,Driver and Vehicle Licensing Agency,driver-and-vehicle-licensing-agency,Red
/newid-enw-v5cw,answer,publisher,Driver and Vehicle Licensing Agency,driver-and-vehicle-licensing-agency,Red
/newid-llun-trwydded-yrru,answer,publisher,Driver and Vehicle Licensing Agency,driver-and-vehicle-licensing-agency,Red
/newid-manylion-cerbyd-tystysgrif-gofrestru,guide,publisher,Driver and Vehicle Licensing Agency,driver-and-vehicle-licensing-agency,Red
/newid-manylion-cerbyd-tystysgrif-gofrestru/pa-dystiolaeth-iw-rhoi,guide,publisher,Driver and Vehicle Licensing Agency,driver-and-vehicle-licensing-agency,Red
/newid-manylion-cerbyd-tystysgrif-gofrestru/sut-i-ddweud-wrth-dvla,guide,publisher,Driver and Vehicle Licensing Agency,driver-and-vehicle-licensing-agency,Red
/night-blindness-and-driving,answer,publisher,Driver and Vehicle Licensing Agency,driver-and-vehicle-licensing-agency,Red
/noise-pollution-road-train-plane,guide,publisher,"Department for Transport | Department of Agriculture, Environment and Rural Affairs (Northern Ireland) | Highways Agency",department-for-transport | department-of-agriculture-environment-and-rural-affairs-northern-ireland | highways-agency,Green | Red
/noise-pollution-road-train-plane/aircraft-noise,guide,publisher,"Department for Transport | Department of Agriculture, Environment and Rural Affairs (Northern Ireland) | Highways Agency",department-for-transport | department-of-agriculture-environment-and-rural-affairs-northern-ireland | highways-agency,Green | Red
/noise-pollution-road-train-plane/further-information,guide,publisher,"Department for Transport | Department of Agriculture, Environment and Rural Affairs (Northern Ireland) | Highways Agency",department-for-transport | department-of-agriculture-environment-and-rural-affairs-northern-ireland | highways-agency,Green | Red
/noise-pollution-road-train-plane/noise-from-roads,guide,publisher,"Department for Transport | Department of Agriculture, Environment and Rural Affairs (Northern Ireland) | Highways Agency",department-for-transport | department-of-agriculture-environment-and-rural-affairs-northern-ireland | highways-agency,Green | Red
/noise-pollution-road-train-plane/railway-noise,guide,publisher,"Department for Transport | Department of Agriculture, Environment and Rural Affairs (Northern Ireland) | Highways Agency",department-for-transport | department-of-agriculture-environment-and-rural-affairs-northern-ireland | highways-agency,Green | Red
/non-domestic-renewable-heat-incentive,answer,publisher,Environment Agency | Ofgem,environment-agency | ofgem,Red | Yellow
/nonnative-wildlife,answer,publisher,"Department for Environment, Food & Rural Affairs | Natural England",department-for-environment-food-rural-affairs | natural-england,Red
/nova-log-in,transaction,publisher,Driver and Vehicle Licensing Agency | HM Revenue & Customs,driver-and-vehicle-licensing-agency | hm-revenue-customs,Green | Red
/number-plate-supplier,place,publisher,Driver and Vehicle Licensing Agency,driver-and-vehicle-licensing-agency,Red
/nystagmus-and-driving,answer,publisher,Driver and Vehicle Licensing Agency,driver-and-vehicle-licensing-agency,Red
/object-to-land-register-changes,answer,publisher,HM Land Registry,land-registry,Red
/obsessive-compulsive-disorder-and-driving,answer,publisher,Driver and Vehicle Licensing Agency,driver-and-vehicle-licensing-agency,Red
/oil-storage-regulations-and-safety,guide,publisher,Environment Agency,environment-agency,Red
/oil-storage-regulations-and-safety/business,guide,publisher,Environment Agency,environment-agency,Red
/oil-storage-regulations-and-safety/home,guide,publisher,Environment Agency,environment-agency,Red
/old-driving-licence-categories,answer,publisher,Driver and Vehicle Licensing Agency,driver-and-vehicle-licensing-agency,Red
/olrhain-cais-eich-trwydded-yrru,guide,publisher,Driver and Vehicle Licensing Agency,driver-and-vehicle-licensing-agency,Red
/olrhain-cais-eich-trwydded-yrru/14-digid,guide,publisher,Driver and Vehicle Licensing Agency,driver-and-vehicle-licensing-agency,Red
/olrhain-cais-eich-trwydded-yrru/cyfeirnod-fp,guide,publisher,Driver and Vehicle Licensing Agency,driver-and-vehicle-licensing-agency,Red
/operational-standards-for-small-vessels,guide,publisher,Department for Transport | Maritime and Coastguard Agency,department-for-transport | maritime-and-coastguard-agency,Red
/operational-standards-for-small-vessels/certification,guide,publisher,Department for Transport | Maritime and Coastguard Agency,department-for-transport | maritime-and-coastguard-agency,Red
/operational-standards-for-small-vessels/codes-of-practice,guide,publisher,Department for Transport | Maritime and Coastguard Agency,department-for-transport | maritime-and-coastguard-agency,Red
/operational-standards-for-small-vessels/operating-overseas,guide,publisher,Department for Transport | Maritime and Coastguard Agency,department-for-transport | maritime-and-coastguard-agency,Red
/operator-compliance-risk-score,guide,publisher,Driver and Vehicle Standards Agency,driver-and-vehicle-standards-agency,Red
/operator-compliance-risk-score/appeal-or-complain,guide,publisher,Driver and Vehicle Standards Agency,driver-and-vehicle-standards-agency,Red
/operator-compliance-risk-score/how-your-score-can-change,guide,publisher,Driver and Vehicle Standards Agency,driver-and-vehicle-standards-agency,Red
/operator-compliance-risk-score/how-youre-scored,guide,publisher,Driver and Vehicle Standards Agency,driver-and-vehicle-standards-agency,Red
/operator-licence-private-hire-vehicle,answer,publisher,Department for Transport,department-for-transport,Red
/optic-atrophy-and-driving,answer,publisher,Driver and Vehicle Licensing Agency,driver-and-vehicle-licensing-agency,Red
/optic-neuritis-and-driving,answer,publisher,Driver and Vehicle Licensing Agency,driver-and-vehicle-licensing-agency,Red
/order-coronavirus-rapid-lateral-flow-tests,answer,publisher,Department of Health and Social Care | UK Health Security Agency,department-of-health-and-social-care | uk-health-security-agency,Red
/organise-street-party,guide,publisher,"Ministry of Housing, Communities and Local Government",ministry-of-housing-communities-local-government,Red
/organise-street-party/closing-a-road,guide,publisher,"Ministry of Housing, Communities and Local Government",ministry-of-housing-communities-local-government,Red
/organise-street-party/licences,guide,publisher,"Ministry of Housing, Communities and Local Government",ministry-of-housing-communities-local-government,Red
/owning-a-boat,guide,publisher,Maritime and Coastguard Agency,maritime-and-coastguard-agency,Red
/owning-a-boat/insurance,guide,publisher,Maritime and Coastguard Agency,maritime-and-coastguard-agency,Red
/owning-a-boat/safety-at-sea,guide,publisher,Maritime and Coastguard Agency,maritime-and-coastguard-agency,Red
/owning-a-boat/safety-on-inland-waterways,guide,publisher,Maritime and Coastguard Agency,maritime-and-coastguard-agency,Red
/pacemakers-and-driving,answer,publisher,Driver and Vehicle Licensing Agency,driver-and-vehicle-licensing-agency,Red
/packaging-waste-designer-responsibilities,answer,publisher,Environment Agency,environment-agency,Red
/paranoid-schizophrenia-and-driving,answer,publisher,Driver and Vehicle Licensing Agency,driver-and-vehicle-licensing-agency,Red
/paraplegia-and-driving,answer,publisher,Driver and Vehicle Licensing Agency,driver-and-vehicle-licensing-agency,Red
/park-mobile-homes,guide,publisher,"Ministry of Housing, Communities and Local Government",ministry-of-housing-communities-local-government,Red
/park-mobile-homes/charges,guide,publisher,"Ministry of Housing, Communities and Local Government",ministry-of-housing-communities-local-government,Red
/park-mobile-homes/park-repairs-and-improvements,guide,publisher,"Ministry of Housing, Communities and Local Government",ministry-of-housing-communities-local-government,Red
/park-mobile-homes/renting-a-park-home,guide,publisher,"Ministry of Housing, Communities and Local Government",ministry-of-housing-communities-local-government,Red
/park-mobile-homes/residents-associations,guide,publisher,"Ministry of Housing, Communities and Local Government",ministry-of-housing-communities-local-government,Red
/park-mobile-homes/selling-or-giving-away-a-park-home,guide,publisher,"Ministry of Housing, Communities and Local Government",ministry-of-housing-communities-local-government,Red
/park-mobile-homes/settling-disputes,guide,publisher,"Ministry of Housing, Communities and Local Government",ministry-of-housing-communities-local-government,Red
/parking-permit,local_transaction,publisher,"Ministry of Housing, Communities and Local Government",ministry-of-housing-communities-local-government,Red
/parking-tickets,guide,publisher,Department for Transport,department-for-transport,Red
/parking-tickets/challenging-a-ticket,guide,publisher,Department for Transport,department-for-transport,Red
/parkinsons-disease-and-driving,answer,publisher,Driver and Vehicle Licensing Agency,driver-and-vehicle-licensing-agency,Red
/party-walls-building-works,guide,publisher,"Ministry of Housing, Communities and Local Government",ministry-of-housing-communities-local-government,Red
/party-walls-building-works/if-you-cant-agree,guide,publisher,"Ministry of Housing, Communities and Local Government",ministry-of-housing-communities-local-government,Red
/party-walls-building-works/reaching-agreement-with-neighbours,guide,publisher,"Ministry of Housing, Communities and Local Government",ministry-of-housing-communities-local-government,Red
/party-walls-building-works/when-how-tell-them,guide,publisher,"Ministry of Housing, Communities and Local Government",ministry-of-housing-communities-local-government,Red
/party-walls-building-works/when-works-begin,guide,publisher,"Ministry of Housing, Communities and Local Government",ministry-of-housing-communities-local-government,Red
/party-walls-building-works/work-tell-your-neighbour-about,guide,publisher,"Ministry of Housing, Communities and Local Government",ministry-of-housing-communities-local-government,Red
/pass-plus,guide,publisher,Driver and Vehicle Standards Agency,driver-and-vehicle-standards-agency,Red
/pass-plus-approved-driving-instructor-services,transaction,publisher,Driver and Vehicle Standards Agency,driver-and-vehicle-standards-agency,Red
/pass-plus/apply-for-a-pass-plus-certificate,guide,publisher,Driver and Vehicle Standards Agency,driver-and-vehicle-standards-agency,Red
/pass-plus/booking-pass-plus,guide,publisher,Driver and Vehicle Standards Agency,driver-and-vehicle-standards-agency,Red
/pass-plus/car-insurance-discounts,guide,publisher,Driver and Vehicle Standards Agency,driver-and-vehicle-standards-agency,Red
/pass-plus/how-pass-plus-training-works,guide,publisher,Driver and Vehicle Standards Agency,driver-and-vehicle-standards-agency,Red
/pass-plus/local-councils-offering-discounts,guide,publisher,Driver and Vehicle Standards Agency,driver-and-vehicle-standards-agency,Red
/pay-challenge-fine-environmental-offence,answer,publisher,"Department for Environment, Food & Rural Affairs",department-for-environment-food-rural-affairs,Red
/pay-council-tax,local_transaction,publisher,"Ministry of Housing, Communities and Local Government",ministry-of-housing-communities-local-government,Red
/pay-dartford-crossing-charge,guide,publisher,Highways England | National Highways,highways-england | national-highways,Red
/pay-dartford-crossing-charge/charges,guide,publisher,Highways England | National Highways,highways-england | national-highways,Red
/pay-dartford-crossing-charge/fines-penalty-charge-notices,guide,publisher,Highways England | National Highways,highways-england | national-highways,Red
/pay-dvla-fine,transaction,publisher,Driver and Vehicle Licensing Agency,driver-and-vehicle-licensing-agency,Red
/pay-dvsa-roadside-fine,transaction,publisher,Driver and Vehicle Standards Agency,driver-and-vehicle-standards-agency,Red
/pay-parking-fine,local_transaction,publisher,Department for Transport,department-for-transport,Red
/pedlars-certificate,answer,publisher,"Ministry of Housing, Communities and Local Government",ministry-of-housing-communities-local-government,Red
/penalty-points-endorsements,guide,publisher,Driver and Vehicle Licensing Agency,driver-and-vehicle-licensing-agency,Red
/penalty-points-endorsements/endorsement-codes-and-penalty-points,guide,publisher,Driver and Vehicle Licensing Agency,driver-and-vehicle-licensing-agency,Red
/penalty-points-endorsements/how-long-endorsements-stay-on-your-driving-licence,guide,publisher,Driver and Vehicle Licensing Agency,driver-and-vehicle-licensing-agency,Red
/penalty-points-endorsements/how-to-check-your-endorsement-details,guide,publisher,Driver and Vehicle Licensing Agency,driver-and-vehicle-licensing-agency,Red
/penalty-points-endorsements/new-drivers,guide,publisher,Driver and Vehicle Licensing Agency,driver-and-vehicle-licensing-agency,Red
/penalty-points-endorsements/removing-expired-endorsements-from-your-driving-licence,guide,publisher,Driver and Vehicle Licensing Agency,driver-and-vehicle-licensing-agency,Red
/penalty-points-endorsements/returning-your-driving-licence-for-endorsement,guide,publisher,Driver and Vehicle Licensing Agency,driver-and-vehicle-licensing-agency,Red
/peripheral-arterial-disease-and-driving,answer,publisher,Driver and Vehicle Licensing Agency,driver-and-vehicle-licensing-agency,Red
/peripheral-neuropathy-and-driving,answer,publisher,Driver and Vehicle Licensing Agency,driver-and-vehicle-licensing-agency,Red
/permission-to-supply-a-large-goods-trailer-for-use-on-the-road,guide,publisher,Department for Transport | Driver and Vehicle Standards Agency,department-for-transport | driver-and-vehicle-standards-agency,Red
/permission-to-supply-a-large-goods-trailer-for-use-on-the-road/how-to-apply,guide,publisher,Department for Transport | Driver and Vehicle Standards Agency,department-for-transport | driver-and-vehicle-standards-agency,Red
/permission-to-supply-a-large-goods-trailer-for-use-on-the-road/who-needs-permission,guide,publisher,Department for Transport | Driver and Vehicle Standards Agency,department-for-transport | driver-and-vehicle-standards-agency,Red
/permission-work-on-river-flood-sea-defence,answer,publisher,Environment Agency,environment-agency,Red
/permits-you-need-for-septic-tanks,guide,publisher,Environment Agency,environment-agency,Red
/permits-you-need-for-septic-tanks/existing-discharges,guide,publisher,Environment Agency,environment-agency,Red
/permits-you-need-for-septic-tanks/find-out-if-you-need-a-permit,guide,publisher,Environment Agency,environment-agency,Red
/permits-you-need-for-septic-tanks/new-discharges,guide,publisher,Environment Agency,environment-agency,Red
/permits-you-need-for-septic-tanks/you-have-a-cesspool,guide,publisher,Environment Agency,environment-agency,Red
/permits-you-need-for-septic-tanks/you-have-a-septic-tank-or-small-sewage-treatment-plant,guide,publisher,Environment Agency,environment-agency,Red
/personalised-vehicle-registration-numbers,guide,publisher,Driver and Vehicle Licensing Agency,driver-and-vehicle-licensing-agency,Red
/personalised-vehicle-registration-numbers/buying-a-private-number-plate,guide,publisher,Driver and Vehicle Licensing Agency,driver-and-vehicle-licensing-agency,Red
/personalised-vehicle-registration-numbers/change-your-name-and-address,guide,publisher,Driver and Vehicle Licensing Agency,driver-and-vehicle-licensing-agency,Red
/personalised-vehicle-registration-numbers/give-private-number-to-someone,guide,publisher,Driver and Vehicle Licensing Agency,driver-and-vehicle-licensing-agency,Red
/personalised-vehicle-registration-numbers/give-up-private-number,guide,publisher,Driver and Vehicle Licensing Agency,driver-and-vehicle-licensing-agency,Red
/personalised-vehicle-registration-numbers/keep-or-assign,guide,publisher,Driver and Vehicle Licensing Agency,driver-and-vehicle-licensing-agency,Red
/personalised-vehicle-registration-numbers/person-with-right-to-use-private-number-dies,guide,publisher,Driver and Vehicle Licensing Agency,driver-and-vehicle-licensing-agency,Red
/personalised-vehicle-registration-numbers/renew-private-number-certificate,guide,publisher,Driver and Vehicle Licensing Agency,driver-and-vehicle-licensing-agency,Red
/personalised-vehicle-registration-numbers/take-private-number-off,guide,publisher,Driver and Vehicle Licensing Agency,driver-and-vehicle-licensing-agency,Red
/personality-disorder-and-driving,answer,publisher,Driver and Vehicle Licensing Agency,driver-and-vehicle-licensing-agency,Red
/pest-control,local_transaction,publisher,"Department for Environment, Food & Rural Affairs",department-for-environment-food-rural-affairs,Red
/pest-control-on-your-property,answer,publisher,"Department for Environment, Food & Rural Affairs | Natural England",department-for-environment-food-rural-affairs | natural-england,Red
/pituitary-tumour-and-driving,answer,publisher,Driver and Vehicle Licensing Agency,driver-and-vehicle-licensing-agency,Red
/planning-permission-england-wales,guide,publisher,"Ministry of Housing, Communities and Local Government",ministry-of-housing-communities-local-government,Red
/planning-permission-england-wales/after-you-apply,guide,publisher,"Ministry of Housing, Communities and Local Government",ministry-of-housing-communities-local-government,Red
/planning-permission-england-wales/appeals,guide,publisher,"Ministry of Housing, Communities and Local Government",ministry-of-housing-communities-local-government,Red
/planning-permission-england-wales/when-you-dont-need-it,guide,publisher,"Ministry of Housing, Communities and Local Government",ministry-of-housing-communities-local-government,Red
/planning-permissions-for-farms,guide,publisher,"Department for Environment, Food & Rural Affairs | Ministry of Housing, Communities and Local Government",department-for-environment-food-rural-affairs | ministry-of-housing-communities-local-government,Red
/planning-permissions-for-farms/appeals,guide,publisher,"Department for Environment, Food & Rural Affairs | Ministry of Housing, Communities and Local Government",department-for-environment-food-rural-affairs | ministry-of-housing-communities-local-government,Red
/planning-permissions-for-farms/apply-for-planning-permission,guide,publisher,"Department for Environment, Food & Rural Affairs | Ministry of Housing, Communities and Local Government",department-for-environment-food-rural-affairs | ministry-of-housing-communities-local-government,Red
/planning-permissions-for-farms/permitted-development,guide,publisher,"Department for Environment, Food & Rural Affairs | Ministry of Housing, Communities and Local Government",department-for-environment-food-rural-affairs | ministry-of-housing-communities-local-government,Red
/planning-permissions-for-farms/when-you-dont-need-it,guide,publisher,"Department for Environment, Food & Rural Affairs | Ministry of Housing, Communities and Local Government",department-for-environment-food-rural-affairs | ministry-of-housing-communities-local-government,Red
/possession-claim-online-recover-property,transaction,publisher,"HM Courts & Tribunals Service | Ministry of Housing, Communities and Local Government",hm-courts-and-tribunals-service | ministry-of-housing-communities-local-government,Blue | Red
/post-traumatic-stress-disorder-and-driving,answer,publisher,Driver and Vehicle Licensing Agency,driver-and-vehicle-licensing-agency,Red
/prepare-for-flooding,guide,publisher,Environment Agency,environment-agency,Red
/prepare-for-flooding/get-insurance,guide,publisher,Environment Agency,environment-agency,Red
/prepare-for-flooding/protect-your-property,guide,publisher,Environment Agency,environment-agency,Red
/preventing-air-pollution,guide,publisher,"Department for Environment, Food & Rural Affairs | Environment Agency",department-for-environment-food-rural-affairs | environment-agency,Red
/preventing-air-pollution/boilers-and-furnaces,guide,publisher,"Department for Environment, Food & Rural Affairs | Environment Agency",department-for-environment-food-rural-affairs | environment-agency,Red
/preventing-air-pollution/dark-smoke,guide,publisher,"Department for Environment, Food & Rural Affairs | Environment Agency",department-for-environment-food-rural-affairs | environment-agency,Red
/private-renting,guide,publisher,"HM Revenue & Customs | Ministry of Housing, Communities and Local Government",hm-revenue-customs | ministry-of-housing-communities-local-government,Green | Red
/private-renting-evictions,guide,publisher,"HM Courts & Tribunals Service | Ministry of Housing, Communities and Local Government",hm-courts-and-tribunals-service | ministry-of-housing-communities-local-government,Blue | Red
/private-renting-evictions/accelerated-possession,guide,publisher,"HM Courts & Tribunals Service | Ministry of Housing, Communities and Local Government",hm-courts-and-tribunals-service | ministry-of-housing-communities-local-government,Blue | Red
/private-renting-evictions/eviction-court-hearings,guide,publisher,"HM Courts & Tribunals Service | Ministry of Housing, Communities and Local Government",hm-courts-and-tribunals-service | ministry-of-housing-communities-local-government,Blue | Red
/private-renting-evictions/eviction-notices,guide,publisher,"HM Courts & Tribunals Service | Ministry of Housing, Communities and Local Government",hm-courts-and-tribunals-service | ministry-of-housing-communities-local-government,Blue | Red
/private-renting-evictions/harassment-and-illegal-evictions,guide,publisher,"HM Courts & Tribunals Service | Ministry of Housing, Communities and Local Government",hm-courts-and-tribunals-service | ministry-of-housing-communities-local-government,Blue | Red
/private-renting/antisocial-behaviour,guide,publisher,"HM Revenue & Customs | Ministry of Housing, Communities and Local Government",hm-revenue-customs | ministry-of-housing-communities-local-government,Green | Red
/private-renting/changes-to-a-regulated-tenancy,guide,publisher,"HM Revenue & Customs | Ministry of Housing, Communities and Local Government",hm-revenue-customs | ministry-of-housing-communities-local-government,Green | Red
/private-renting/complaints,guide,publisher,"HM Revenue & Customs | Ministry of Housing, Communities and Local Government",hm-revenue-customs | ministry-of-housing-communities-local-government,Green | Red
/private-renting/deposits,guide,publisher,"HM Revenue & Customs | Ministry of Housing, Communities and Local Government",hm-revenue-customs | ministry-of-housing-communities-local-government,Green | Red
/private-renting/document-checks,guide,publisher,"HM Revenue & Customs | Ministry of Housing, Communities and Local Government",hm-revenue-customs | ministry-of-housing-communities-local-government,Green | Red
/private-renting/houses-in-multiple-occupation,guide,publisher,"HM Revenue & Customs | Ministry of Housing, Communities and Local Government",hm-revenue-customs | ministry-of-housing-communities-local-government,Green | Red
/private-renting/rent-arrears,guide,publisher,"HM Revenue & Customs | Ministry of Housing, Communities and Local Government",hm-revenue-customs | ministry-of-housing-communities-local-government,Green | Red
/private-renting/rent-disputes,guide,publisher,"HM Revenue & Customs | Ministry of Housing, Communities and Local Government",hm-revenue-customs | ministry-of-housing-communities-local-government,Green | Red
/private-renting/repairs,guide,publisher,"HM Revenue & Customs | Ministry of Housing, Communities and Local Government",hm-revenue-customs | ministry-of-housing-communities-local-government,Green | Red
/private-renting/student-tenancies,guide,publisher,"HM Revenue & Customs | Ministry of Housing, Communities and Local Government",hm-revenue-customs | ministry-of-housing-communities-local-government,Green | Red
/private-renting/your-landlords-safety-responsibilities,guide,publisher,"HM Revenue & Customs | Ministry of Housing, Communities and Local Government",hm-revenue-customs | ministry-of-housing-communities-local-government,Green | Red
/private-renting/your-rights-and-responsibilities,guide,publisher,"HM Revenue & Customs | Ministry of Housing, Communities and Local Government",hm-revenue-customs | ministry-of-housing-communities-local-government,Green | Red
/protect-land-property-from-fraud,answer,publisher,HM Land Registry,land-registry,Red
/prove-right-to-rent,guide,publisher,"Home Office | Ministry of Housing, Communities and Local Government | UK Visas and Immigration",home-office | ministry-of-housing-communities-local-government | uk-visas-and-immigration,Red | Yellow
/prove-right-to-rent/get-a-share-code-online,guide,publisher,"Home Office | Ministry of Housing, Communities and Local Government | UK Visas and Immigration",home-office | ministry-of-housing-communities-local-government | uk-visas-and-immigration,Red | Yellow
/prove-right-to-rent/using-immigration-documents,guide,publisher,"Home Office | Ministry of Housing, Communities and Local Government | UK Visas and Immigration",home-office | ministry-of-housing-communities-local-government | uk-visas-and-immigration,Red | Yellow
/prove-right-to-rent/using-other-documents,guide,publisher,"Home Office | Ministry of Housing, Communities and Local Government | UK Visas and Immigration",home-office | ministry-of-housing-communities-local-government | uk-visas-and-immigration,Red | Yellow
/provide-driving-tests-for-your-employees,guide,publisher,Driver and Vehicle Standards Agency,driver-and-vehicle-standards-agency,Red
/provide-driving-tests-for-your-employees/apply-to-provide-driving-tests,guide,publisher,Driver and Vehicle Standards Agency,driver-and-vehicle-standards-agency,Red
/provide-driving-tests-for-your-employees/rules-for-your-driving-examiners,guide,publisher,Driver and Vehicle Standards Agency,driver-and-vehicle-standards-agency,Red
/prynu-rhif-cofrestru-personol,transaction,publisher,Driver and Vehicle Licensing Agency,driver-and-vehicle-licensing-agency,Red
/psv-operator-licences,guide,publisher,Driver and Vehicle Standards Agency | Traffic Commissioners for Great Britain,driver-and-vehicle-standards-agency | traffic-commissioners,Red
/psv-operator-licences/appealing-a-decision,guide,publisher,Driver and Vehicle Standards Agency | Traffic Commissioners for Great Britain,driver-and-vehicle-standards-agency | traffic-commissioners,Red
/psv-operator-licences/how-to-apply-for-a-psv-licence,guide,publisher,Driver and Vehicle Standards Agency | Traffic Commissioners for Great Britain,driver-and-vehicle-standards-agency | traffic-commissioners,Red
/psv-operator-licences/making-changes-to-your-psv-licence,guide,publisher,Driver and Vehicle Standards Agency | Traffic Commissioners for Great Britain,driver-and-vehicle-standards-agency | traffic-commissioners,Red
/psychosis-and-driving,answer,publisher,Driver and Vehicle Licensing Agency,driver-and-vehicle-licensing-agency,Red
/psychotic-depression-and-driving,answer,publisher,Driver and Vehicle Licensing Agency,driver-and-vehicle-licensing-agency,Red
/pulmonary-hypertension-and-driving,answer,publisher,Driver and Vehicle Licensing Agency,driver-and-vehicle-licensing-agency,Red
/pwyntiau-cosb-ardystiadau,guide,publisher,Driver and Vehicle Licensing Agency,driver-and-vehicle-licensing-agency,Red
/pwyntiau-cosb-ardystiadau/codau-ardystiadau-a-phwyntiau-cosb,guide,publisher,Driver and Vehicle Licensing Agency,driver-and-vehicle-licensing-agency,Red
/pwyntiau-cosb-ardystiadau/dileu-ardystiadau-sydd-wedi-dod-i-ben-och-cofnod-gyrru,guide,publisher,Driver and Vehicle Licensing Agency,driver-and-vehicle-licensing-agency,Red
/pwyntiau-cosb-ardystiadau/dychwelyd-eich-trwydded-yrru-iw-hardystio,guide,publisher,Driver and Vehicle Licensing Agency,driver-and-vehicle-licensing-agency,Red
/pwyntiau-cosb-ardystiadau/gyrwyr-newydd,guide,publisher,Driver and Vehicle Licensing Agency,driver-and-vehicle-licensing-agency,Red
/pwyntiau-cosb-ardystiadau/pa-mor-hir-y-mae-ardystiadau-yn-aros-ar-eich-cofnod-gyrru,guide,publisher,Driver and Vehicle Licensing Agency,driver-and-vehicle-licensing-agency,Red
/pwyntiau-cosb-ardystiadau/sut-i-wirio-eich-manylion-ardystiadau,guide,publisher,Driver and Vehicle Licensing Agency,driver-and-vehicle-licensing-agency,Red
/quad-bikes-the-rules,answer,publisher,Department for Transport | Driver and Vehicle Licensing Agency | Driver and Vehicle Standards Agency,department-for-transport | driver-and-vehicle-licensing-agency | driver-and-vehicle-standards-agency,Red
/quality-of-local-bathing-water,transaction,publisher,Environment Agency,environment-agency,Red
/reapply-driving-licence-medical-condition,guide,publisher,Driver and Vehicle Licensing Agency,driver-and-vehicle-licensing-agency,Red
/reapply-driving-licence-medical-condition/when-you-can-start-driving-again,guide,publisher,Driver and Vehicle Licensing Agency,driver-and-vehicle-licensing-agency,Red
/reapply-licence-revoked,answer,publisher,Driver and Vehicle Licensing Agency,driver-and-vehicle-licensing-agency,Red
/record-delegated-driving-test-details,transaction,publisher,Driver and Vehicle Standards Agency,driver-and-vehicle-standards-agency,Red
/record-driver-cpc-training-you-deliver,transaction,publisher,Driver and Vehicle Standards Agency,driver-and-vehicle-standards-agency,Red
/recycling-bin,local_transaction,publisher,"Department for Environment, Food & Rural Affairs",department-for-environment-food-rural-affairs,Red
/recycling-collections,local_transaction,publisher,"Department for Environment, Food & Rural Affairs",department-for-environment-food-rural-affairs,Red
/redress-scheme-estate-agencies,answer,publisher,"Ministry of Housing, Communities and Local Government",ministry-of-housing-communities-local-government,Red
/register-406-beacons,transaction,publisher,Maritime and Coastguard Agency,maritime-and-coastguard-agency,Red
/register-a-boat,guide,publisher,Department for Transport | Environment Agency,department-for-transport | environment-agency,Red
/register-a-boat/penalties,guide,publisher,Department for Transport | Environment Agency,department-for-transport | environment-agency,Red
/register-a-boat/the-uk-ship-register,guide,publisher,Department for Transport | Environment Agency,department-for-transport | environment-agency,Red
/register-a-boat/who-to-contact,guide,publisher,Department for Transport | Environment Agency,department-for-transport | environment-agency,Red
/register-an-animal-feed-business,answer,publisher,Food Standards Agency,food-standards-agency,Red
/register-boat-coastguard-safety-scheme,answer,publisher,Maritime and Coastguard Agency,maritime-and-coastguard-agency,Red
/register-farm-vehicle,answer,publisher,Department for Transport | Driver and Vehicle Licensing Agency | Health and Safety Executive,department-for-transport | driver-and-vehicle-licensing-agency | health-and-safety-executive,Blue | Red
/register-interest-homes-ukraine,answer,publisher,"Ministry of Housing, Communities and Local Government",ministry-of-housing-communities-local-government,Red
/register-pcr-test,answer,publisher,UK Health Security Agency,uk-health-security-agency,Red
/register-renew-waste-carrier-broker-dealer-england,transaction,publisher,"Department for Environment, Food & Rural Affairs | Environment Agency",department-for-environment-food-rural-affairs | environment-agency,Red
/register-to-vote,transaction,publisher,"Ministry of Housing, Communities and Local Government",ministry-of-housing-communities-local-government,Red
/register-to-vote-armed-forces,transaction,publisher,"Ministry of Housing, Communities and Local Government",ministry-of-housing-communities-local-government,Red
/register-to-vote-crown-servants-british-council-employees,transaction,publisher,"Ministry of Housing, Communities and Local Government",ministry-of-housing-communities-local-government,Red
/register-trailer-to-take-abroad,transaction,publisher,Driver and Vehicle Licensing Agency,driver-and-vehicle-licensing-agency,Red
/registering-land-or-property-with-land-registry,guide,publisher,HM Land Registry,land-registry,Red
/registering-land-or-property-with-land-registry/register-for-the-first-time,guide,publisher,HM Land Registry,land-registry,Red
/registering-land-or-property-with-land-registry/transfer-ownership-of-your-property,guide,publisher,HM Land Registry,land-registry,Red
/registering-land-or-property-with-land-registry/update-or-correct-the-register,guide,publisher,HM Land Registry,land-registry,Red
/renew-approved-driving-instructor-adi-registration,transaction,publisher,Driver and Vehicle Standards Agency,driver-and-vehicle-standards-agency,Red
/renew-driving-licence,answer,publisher,Driver and Vehicle Licensing Agency,driver-and-vehicle-licensing-agency,Red
/renew-driving-licence-at-70,transaction,publisher,Driver and Vehicle Licensing Agency,driver-and-vehicle-licensing-agency,Red
/renew-lorry-bus-coach-licence,guide,publisher,Department for Transport | Driver and Vehicle Licensing Agency,department-for-transport | driver-and-vehicle-licensing-agency,Red
/renew-lorry-bus-coach-licence/45-or-over,guide,publisher,Department for Transport | Driver and Vehicle Licensing Agency,department-for-transport | driver-and-vehicle-licensing-agency,Red
/renew-medical-driving-licence,transaction,publisher,Driver and Vehicle Licensing Agency,driver-and-vehicle-licensing-agency,Red
/renew-photo-driving-licence,answer,publisher,Driver and Vehicle Licensing Agency,driver-and-vehicle-licensing-agency,Red
/renewing-your-commercial-property-lease,answer,publisher,"Ministry of Housing, Communities and Local Government",ministry-of-housing-communities-local-government,Red
/rent-council-garage,local_transaction,publisher,"Ministry of Housing, Communities and Local Government",ministry-of-housing-communities-local-government,Red
/rent-room-in-your-home,guide,publisher,"HM Revenue & Customs | Ministry of Housing, Communities and Local Government",hm-revenue-customs | ministry-of-housing-communities-local-government,Green | Red
/rent-room-in-your-home/ending-a-letting,guide,publisher,"HM Revenue & Customs | Ministry of Housing, Communities and Local Government",hm-revenue-customs | ministry-of-housing-communities-local-government,Green | Red
/rent-room-in-your-home/houses-in-multiple-occupation,guide,publisher,"HM Revenue & Customs | Ministry of Housing, Communities and Local Government",hm-revenue-customs | ministry-of-housing-communities-local-government,Green | Red
/rent-room-in-your-home/rent-bills-and-tax,guide,publisher,"HM Revenue & Customs | Ministry of Housing, Communities and Local Government",hm-revenue-customs | ministry-of-housing-communities-local-government,Green | Red
/rent-room-in-your-home/the-rent-a-room-scheme,guide,publisher,"HM Revenue & Customs | Ministry of Housing, Communities and Local Government",hm-revenue-customs | ministry-of-housing-communities-local-government,Green | Red
/rent-room-in-your-home/your-lodgers-tenancy-type,guide,publisher,"HM Revenue & Customs | Ministry of Housing, Communities and Local Government",hm-revenue-customs | ministry-of-housing-communities-local-government,Green | Red
/rent-to-buy,guide,publisher,Homes England,homes-england,Red
/rent-to-buy/buying-a-home,guide,publisher,Homes England,homes-england,Red
/rent-to-buy/eligibility,guide,publisher,Homes England,homes-england,Red
/rent-to-buy/how-the-scheme-works,guide,publisher,Homes England,homes-england,Red
/rent-to-buy/how-to-apply,guide,publisher,Homes England,homes-england,Red
/rental-discrimination-landlords,guide,publisher,"Ministry of Housing, Communities and Local Government",ministry-of-housing-communities-local-government,Red
/rental-discrimination-landlords/if-someone-who-gets-benefits-wants-to-rent-your-property,guide,publisher,"Ministry of Housing, Communities and Local Government",ministry-of-housing-communities-local-government,Red
/rental-discrimination-landlords/if-someone-who-has-children-wants-to-rent-your-property,guide,publisher,"Ministry of Housing, Communities and Local Government",ministry-of-housing-communities-local-government,Red
/rental-discrimination-landlords/if-youre-reported-for-rental-discrimination,guide,publisher,"Ministry of Housing, Communities and Local Government",ministry-of-housing-communities-local-government,Red
/rental-discrimination-tenants,guide,publisher,"Ministry of Housing, Communities and Local Government",ministry-of-housing-communities-local-government,Red
/rental-discrimination-tenants/if-you-get-benefits,guide,publisher,"Ministry of Housing, Communities and Local Government",ministry-of-housing-communities-local-government,Red
/rental-discrimination-tenants/if-you-have-children,guide,publisher,"Ministry of Housing, Communities and Local Government",ministry-of-housing-communities-local-government,Red
/rental-discrimination-tenants/if-you-think-youre-being-discriminated-against,guide,publisher,"Ministry of Housing, Communities and Local Government",ministry-of-housing-communities-local-government,Red
/renting-a-room-in-someones-home-lodgers,guide,publisher,"Ministry of Housing, Communities and Local Government",ministry-of-housing-communities-local-government,Red
/renting-a-room-in-someones-home-lodgers/deposits-and-rent,guide,publisher,"Ministry of Housing, Communities and Local Government",ministry-of-housing-communities-local-government,Red
/renting-a-room-in-someones-home-lodgers/ending-the-agreement,guide,publisher,"Ministry of Housing, Communities and Local Government",ministry-of-housing-communities-local-government,Red
/renting-business-property-tenant-responsibilities,answer,publisher,"Health and Safety Executive | Ministry of Housing, Communities and Local Government",health-and-safety-executive | ministry-of-housing-communities-local-government,Blue | Red
/renting-out-a-property,guide,publisher,"HM Revenue & Customs | Ministry of Housing, Communities and Local Government",hm-revenue-customs | ministry-of-housing-communities-local-government,Green | Red
/renting-out-a-property/changing-regulated-tenancy,guide,publisher,"HM Revenue & Customs | Ministry of Housing, Communities and Local Government",hm-revenue-customs | ministry-of-housing-communities-local-government,Green | Red
/renting-out-a-property/houses-in-multiple-occupation-hmo,guide,publisher,"HM Revenue & Customs | Ministry of Housing, Communities and Local Government",hm-revenue-customs | ministry-of-housing-communities-local-government,Green | Red
/renting-out-a-property/if-your-tenant-dies-without-an-executor-or-a-will,guide,publisher,"HM Revenue & Customs | Ministry of Housing, Communities and Local Government",hm-revenue-customs | ministry-of-housing-communities-local-government,Green | Red
/renting-out-a-property/landlord-responsibilities,guide,publisher,"HM Revenue & Customs | Ministry of Housing, Communities and Local Government",hm-revenue-customs | ministry-of-housing-communities-local-government,Green | Red
/renting-out-a-property/making-repairs,guide,publisher,"HM Revenue & Customs | Ministry of Housing, Communities and Local Government",hm-revenue-customs | ministry-of-housing-communities-local-government,Green | Red
/renting-out-a-property/paying-tax,guide,publisher,"HM Revenue & Customs | Ministry of Housing, Communities and Local Government",hm-revenue-customs | ministry-of-housing-communities-local-government,Green | Red
/renting-out-a-property/settling-disputes,guide,publisher,"HM Revenue & Customs | Ministry of Housing, Communities and Local Government",hm-revenue-customs | ministry-of-housing-communities-local-government,Green | Red
/repair-council-property,local_transaction,publisher,"Ministry of Housing, Communities and Local Government",ministry-of-housing-communities-local-government,Red
/replace-a-driving-licence,guide,publisher,Driver and Vehicle Licensing Agency,driver-and-vehicle-licensing-agency,Red
/replace-a-driving-licence/apply-by-phone-or-by-post,guide,publisher,Driver and Vehicle Licensing Agency,driver-and-vehicle-licensing-agency,Red
/replace-cbt-certificate,answer,publisher,Driver and Vehicle Standards Agency,driver-and-vehicle-standards-agency,Red
/replace-driver-cpc-card,answer,publisher,Driver and Vehicle Standards Agency,driver-and-vehicle-standards-agency,Red
/replace-lost-stolen-blue-badge,transaction,publisher,Department for Transport,department-for-transport,Red
/replacing-lost-damaged-mot-certificate,transaction,publisher,Driver and Vehicle Standards Agency,driver-and-vehicle-standards-agency,Red
/report-abandoned-vehicle,local_transaction,publisher,"Department for Environment, Food & Rural Affairs",department-for-environment-food-rural-affairs,Red
/report-an-illegal-driving-instructor,answer,publisher,Driver and Vehicle Standards Agency,driver-and-vehicle-standards-agency,Red
/report-blocked-drain,local_transaction,publisher,"Department for Environment, Food & Rural Affairs",department-for-environment-food-rural-affairs,Red
/report-change-to-coach-bus,transaction,publisher,Driver and Vehicle Standards Agency,driver-and-vehicle-standards-agency,Red
/report-child-abuse-to-local-council,place,publisher,"Home Office | Ministry of Housing, Communities and Local Government",home-office | ministry-of-housing-communities-local-government,Red | Yellow
/report-covid19-result,answer,publisher,Department of Health and Social Care,department-of-health-and-social-care,Red
/report-crime,answer,publisher,"Home Office | Ministry of Housing, Communities and Local Government",home-office | ministry-of-housing-communities-local-government,Red | Yellow
/report-dangerous-building-structure,local_transaction,publisher,"Ministry of Housing, Communities and Local Government",ministry-of-housing-communities-local-government,Red
/report-dead-animal,local_transaction,publisher,"Department for Environment, Food & Rural Affairs | Natural England",department-for-environment-food-rural-affairs | natural-england,Red
/report-derelict-abandoned-building,local_transaction,publisher,"Ministry of Housing, Communities and Local Government",ministry-of-housing-communities-local-government,Red
/report-dog-fouling,local_transaction,publisher,"Department for Environment, Food & Rural Affairs",department-for-environment-food-rural-affairs,Red
/report-driving-test-impersonation,answer,publisher,Driver and Vehicle Standards Agency,driver-and-vehicle-standards-agency,Red
/report-environmental-problem,answer,publisher,Environment Agency,environment-agency,Red
/report-flood-cause,answer,publisher,Environment Agency,environment-agency,Red
/report-flytipping,answer,publisher,"Department for Environment, Food & Rural Affairs | Environment Agency | Ministry of Housing, Communities and Local Government",department-for-environment-food-rural-affairs | environment-agency | ministry-of-housing-communities-local-government,Red
/report-illegal-fishing-in-england,answer,publisher,Environment Agency,environment-agency,Red
/report-litter,local_transaction,publisher,"Department for Environment, Food & Rural Affairs",department-for-environment-food-rural-affairs,Red
/report-no-mot,answer,publisher,Driver and Vehicle Standards Agency,driver-and-vehicle-standards-agency,Red
/report-noise-pollution-to-council,local_transaction,publisher,"Department for Environment, Food & Rural Affairs",department-for-environment-food-rural-affairs,Red
/report-obstruction-road,local_transaction,publisher,National Highways,national-highways,Red
/report-pest-problem,local_transaction,publisher,"Department for Environment, Food & Rural Affairs",department-for-environment-food-rural-affairs,Red
/report-pothole,local_transaction,publisher,Department for Transport | National Highways,department-for-transport | national-highways,Red
/report-problem-medicine-medical-device,transaction,publisher,Medicines and Healthcare products Regulatory Agency,medicines-and-healthcare-products-regulatory-agency,Red
/report-problem-pavement,local_transaction,publisher,"Ministry of Housing, Communities and Local Government",ministry-of-housing-communities-local-government,Red
/report-problem-street-furniture,local_transaction,publisher,"Ministry of Housing, Communities and Local Government",ministry-of-housing-communities-local-government,Red
/report-problem-street-light,local_transaction,publisher,National Highways,national-highways,Red
/report-problem-traffic-light,local_transaction,publisher,National Highways,national-highways,Red
/report-river-blockage,answer,publisher,Environment Agency,environment-agency,Red
/report-road-flooding,local_transaction,publisher,National Highways,national-highways,Red
/report-road-spillage,local_transaction,publisher,National Highways,national-highways,Red
/report-smell,answer,publisher,Environment Agency,environment-agency,Red
/report-smoky-vehicle,transaction,publisher,Driver and Vehicle Standards Agency,driver-and-vehicle-standards-agency,Red
/report-squatters-property,local_transaction,publisher,"Ministry of Housing, Communities and Local Government",ministry-of-housing-communities-local-government,Red
/report-stranded-whale-dolphin,answer,publisher,"Department for Environment, Food & Rural Affairs",department-for-environment-food-rural-affairs,Red
/report-stray-dog,local_transaction,publisher,"Department for Environment, Food & Rural Affairs",department-for-environment-food-rural-affairs,Red
/report-suspicious-emails-websites-phishing,guide,publisher,Department of Health and Social Care | Driver and Vehicle Licensing Agency | HM Revenue & Customs | National Cyber Security Centre | UK Border Agency,department-of-health-and-social-care | driver-and-vehicle-licensing-agency | hm-revenue-customs | national-cyber-security-centre | uk-border-agency,Blue | Green | Red | Yellow
/report-suspicious-emails-websites-phishing/report-scam-HMRC-messages-calls-social-media,guide,publisher,Department of Health and Social Care | Driver and Vehicle Licensing Agency | HM Revenue & Customs | National Cyber Security Centre | UK Border Agency,department-of-health-and-social-care | driver-and-vehicle-licensing-agency | hm-revenue-customs | national-cyber-security-centre | uk-border-agency,Blue | Green | Red | Yellow
/report-suspicious-emails-websites-phishing/report-visa-and-immigration-scams,guide,publisher,Department of Health and Social Care | Driver and Vehicle Licensing Agency | HM Revenue & Customs | National Cyber Security Centre | UK Border Agency,department-of-health-and-social-care | driver-and-vehicle-licensing-agency | hm-revenue-customs | national-cyber-security-centre | uk-border-agency,Blue | Green | Red | Yellow
/report-suspicious-online-medicine-seller,answer,publisher,Medicines and Healthcare products Regulatory Agency,medicines-and-healthcare-products-regulatory-agency,Red
/report-syringes,local_transaction,publisher,"Department for Environment, Food & Rural Affairs",department-for-environment-food-rural-affairs,Red
/report-treasure-step-by-step,step_by_step_nav,collections-publisher,Department for Transport | Maritime and Coastguard Agency,department-for-transport | maritime-and-coastguard-agency,Red
/report-unlicenced-taxi,answer,publisher,Department for Transport,department-for-transport,Red
/report-untaxed-vehicle,answer,publisher,Driver and Vehicle Licensing Agency,driver-and-vehicle-licensing-agency,Red
/report-veterinary-medicine-problem,answer,publisher,Veterinary Medicines Directorate,veterinary-medicines-directorate,Red
/report-water-pollution,answer,publisher,Environment Agency,environment-agency,Red
/report-wreck-material,guide,publisher,Department for Transport | Maritime and Coastguard Agency,department-for-transport | maritime-and-coastguard-agency,Red
/report-wreck-material/After-reporting-wreck-material,guide,publisher,Department for Transport | Maritime and Coastguard Agency,department-for-transport | maritime-and-coastguard-agency,Red
/report-wreck-material/reporting-wreck-material,guide,publisher,Department for Transport | Maritime and Coastguard Agency,department-for-transport | maritime-and-coastguard-agency,Red
/repossession,guide,publisher,"HM Courts & Tribunals Service | Ministry of Housing, Communities and Local Government",hm-courts-and-tribunals-service | ministry-of-housing-communities-local-government,Blue | Red
/repossession/appeal-a-judges-decision,guide,publisher,"HM Courts & Tribunals Service | Ministry of Housing, Communities and Local Government",hm-courts-and-tribunals-service | ministry-of-housing-communities-local-government,Blue | Red
/repossession/before-case-goes-to-court,guide,publisher,"HM Courts & Tribunals Service | Ministry of Housing, Communities and Local Government",hm-courts-and-tribunals-service | ministry-of-housing-communities-local-government,Blue | Red
/repossession/defence-form,guide,publisher,"HM Courts & Tribunals Service | Ministry of Housing, Communities and Local Government",hm-courts-and-tribunals-service | ministry-of-housing-communities-local-government,Blue | Red
/repossession/delay-eviction,guide,publisher,"HM Courts & Tribunals Service | Ministry of Housing, Communities and Local Government",hm-courts-and-tribunals-service | ministry-of-housing-communities-local-government,Blue | Red
/repossession/help-with-legal-costs,guide,publisher,"HM Courts & Tribunals Service | Ministry of Housing, Communities and Local Government",hm-courts-and-tribunals-service | ministry-of-housing-communities-local-government,Blue | Red
/repossession/if-your-home-is-repossessed,guide,publisher,"HM Courts & Tribunals Service | Ministry of Housing, Communities and Local Government",hm-courts-and-tribunals-service | ministry-of-housing-communities-local-government,Blue | Red
/repossession/repossession-orders,guide,publisher,"HM Courts & Tribunals Service | Ministry of Housing, Communities and Local Government",hm-courts-and-tribunals-service | ministry-of-housing-communities-local-government,Blue | Red
/repossession/the-hearing,guide,publisher,"HM Courts & Tribunals Service | Ministry of Housing, Communities and Local Government",hm-courts-and-tribunals-service | ministry-of-housing-communities-local-government,Blue | Red
/request-baby-loss-certificate,answer,publisher,Department of Health and Social Care | NHS Business Services Authority,department-of-health-and-social-care | nhs-business-services-authority,Red
/request-cctv-footage-of-yourself,answer,publisher,"Department for Science, Innovation and Technology | Information Commissioner's Office",department-for-science-innovation-and-technology | information-commissioner-s-office,Red
/request-clinical-waste-collection,local_transaction,publisher,"Department for Environment, Food & Rural Affairs",department-for-environment-food-rural-affairs,Red
/request-flooding-history,answer,publisher,Environment Agency,environment-agency,Red
/request-information-from-dvla,guide,publisher,Driver and Vehicle Licensing Agency,driver-and-vehicle-licensing-agency,Red
/request-information-from-dvla/request-information-about-another-vehicle-registered-keeper,guide,publisher,Driver and Vehicle Licensing Agency,driver-and-vehicle-licensing-agency,Red
/request-information-from-dvla/request-information-about-you-your-vehicle,guide,publisher,Driver and Vehicle Licensing Agency,driver-and-vehicle-licensing-agency,Red
/request-pedestrian-crossing,local_transaction,publisher,Department for Transport,department-for-transport,Red
/request-speed-limit-change,local_transaction,publisher,Department for Transport,department-for-transport,Red
/respond-data-protection-request,answer,publisher,Information Commissioner's Office,information-commissioner-s-office,Red
/responsibilities-selling-vehicle,answer,publisher,Driver and Vehicle Licensing Agency,driver-and-vehicle-licensing-agency,Red
/retinal-treatment-and-driving,answer,publisher,Driver and Vehicle Licensing Agency,driver-and-vehicle-licensing-agency,Red
/rheolau-golwg-ar-gyfer-gyrru,answer,publisher,Driver and Vehicle Licensing Agency,driver-and-vehicle-licensing-agency,Red
/rhifau-cofrestru-cerbyd-personol,guide,publisher,Driver and Vehicle Licensing Agency,driver-and-vehicle-licensing-agency,Red
/rhifau-cofrestru-cerbyd-personol/adnewyddu-neu-amnewid-eich-rhif-preifat,guide,publisher,Driver and Vehicle Licensing Agency,driver-and-vehicle-licensing-agency,Red
/rhifau-cofrestru-cerbyd-personol/aseinio-rhif-preifat-i-gerbyd,guide,publisher,Driver and Vehicle Licensing Agency,driver-and-vehicle-licensing-agency,Red
/rhifau-cofrestru-cerbyd-personol/cymryd-rhif-preifat-oddi-ar-gerbyd,guide,publisher,Driver and Vehicle Licensing Agency,driver-and-vehicle-licensing-agency,Red
/rhifau-cofrestru-cerbyd-personol/gwerthu-neu-roi-rhif-preifat-i-rywun-arall,guide,publisher,Driver and Vehicle Licensing Agency,driver-and-vehicle-licensing-agency,Red
/rhifau-cofrestru-cerbyd-personol/ildioch-hawl-i-ddefnyddio-rhif-preifat,guide,publisher,Driver and Vehicle Licensing Agency,driver-and-vehicle-licensing-agency,Red
/rhifau-cofrestru-cerbyd-personol/newid-eich-enw-neu-gyfeiriad,guide,publisher,Driver and Vehicle Licensing Agency,driver-and-vehicle-licensing-agency,Red
/rhifau-cofrestru-cerbyd-personol/os-ywr-person-gydar-hawl-i-ddefnyddior-rhif-preifat-yn-marw,guide,publisher,Driver and Vehicle Licensing Agency,driver-and-vehicle-licensing-agency,Red
/rhifau-cofrestru-cerbyd-personol/prynu-rhif-preifat,guide,publisher,Driver and Vehicle Licensing Agency,driver-and-vehicle-licensing-agency,Red
/rhoi-gwybod-am-gyflwr-meddygol,transaction,publisher,Driver and Vehicle Licensing Agency,driver-and-vehicle-licensing-agency,Red
/rhwymedigaethau-cyfreithiol-gyrwyr-beicwyr-modur,answer,publisher,Driver and Vehicle Licensing Agency,driver-and-vehicle-licensing-agency,Red
/ride-motorcycle-moped,guide,publisher,Driver and Vehicle Licensing Agency | Driver and Vehicle Standards Agency,driver-and-vehicle-licensing-agency | driver-and-vehicle-standards-agency,Red
/ride-motorcycle-moped/bike-categories-ages-and-licence-requirements,guide,publisher,Driver and Vehicle Licensing Agency | Driver and Vehicle Standards Agency,driver-and-vehicle-licensing-agency | driver-and-vehicle-standards-agency,Red
/ride-motorcycle-moped/licences-issued-before-19-january-2013,guide,publisher,Driver and Vehicle Licensing Agency | Driver and Vehicle Standards Agency,driver-and-vehicle-licensing-agency | driver-and-vehicle-standards-agency,Red
/right-of-way-open-access-land,guide,publisher,"Department for Environment, Food & Rural Affairs | Ministry of Housing, Communities and Local Government | Natural England",department-for-environment-food-rural-affairs | ministry-of-housing-communities-local-government | natural-england,Red
/right-of-way-open-access-land/access-private-land,guide,publisher,"Department for Environment, Food & Rural Affairs | Ministry of Housing, Communities and Local Government | Natural England",department-for-environment-food-rural-affairs | ministry-of-housing-communities-local-government | natural-england,Red
/right-of-way-open-access-land/use-public-rights-of-way,guide,publisher,"Department for Environment, Food & Rural Affairs | Ministry of Housing, Communities and Local Government | Natural England",department-for-environment-food-rural-affairs | ministry-of-housing-communities-local-government | natural-england,Red
/right-of-way-open-access-land/use-your-right-to-roam,guide,publisher,"Department for Environment, Food & Rural Affairs | Ministry of Housing, Communities and Local Government | Natural England",department-for-environment-food-rural-affairs | ministry-of-housing-communities-local-government | natural-england,Red
/right-to-acquire-buying-housing-association-home,guide,publisher,"Ministry of Housing, Communities and Local Government",ministry-of-housing-communities-local-government,Red
/right-to-acquire-buying-housing-association-home/applying,guide,publisher,"Ministry of Housing, Communities and Local Government",ministry-of-housing-communities-local-government,Red
/right-to-acquire-buying-housing-association-home/discounts,guide,publisher,"Ministry of Housing, Communities and Local Government",ministry-of-housing-communities-local-government,Red
/right-to-acquire-buying-housing-association-home/help-and-advice,guide,publisher,"Ministry of Housing, Communities and Local Government",ministry-of-housing-communities-local-government,Red
/right-to-acquire-buying-housing-association-home/selling-your-home,guide,publisher,"Ministry of Housing, Communities and Local Government",ministry-of-housing-communities-local-government,Red
/right-to-acquire-buying-housing-association-home/your-landlords-offer,guide,publisher,"Ministry of Housing, Communities and Local Government",ministry-of-housing-communities-local-government,Red
/right-to-buy-buying-your-council-home,guide,publisher,"Ministry of Housing, Communities and Local Government",ministry-of-housing-communities-local-government,Red
/right-to-buy-buying-your-council-home/appeals,guide,publisher,"Ministry of Housing, Communities and Local Government",ministry-of-housing-communities-local-government,Red
/right-to-buy-buying-your-council-home/applying,guide,publisher,"Ministry of Housing, Communities and Local Government",ministry-of-housing-communities-local-government,Red
/right-to-buy-buying-your-council-home/delays,guide,publisher,"Ministry of Housing, Communities and Local Government",ministry-of-housing-communities-local-government,Red
/right-to-buy-buying-your-council-home/discounts,guide,publisher,"Ministry of Housing, Communities and Local Government",ministry-of-housing-communities-local-government,Red
/right-to-buy-buying-your-council-home/help-and-advice,guide,publisher,"Ministry of Housing, Communities and Local Government",ministry-of-housing-communities-local-government,Red
/right-to-buy-buying-your-council-home/selling-your-home,guide,publisher,"Ministry of Housing, Communities and Local Government",ministry-of-housing-communities-local-government,Red
/right-to-buy-buying-your-council-home/your-landlords-offer,guide,publisher,"Ministry of Housing, Communities and Local Government",ministry-of-housing-communities-local-government,Red
/right-to-contest-answer,answer,publisher,"Cabinet Office | Ministry of Housing, Communities and Local Government",cabinet-office | ministry-of-housing-communities-local-government,Blue | Red
/right-to-manage-a-guide-for-landlords,guide,publisher,"Ministry of Housing, Communities and Local Government",ministry-of-housing-communities-local-government,Red
/right-to-manage-a-guide-for-landlords/disputing-the-claim,guide,publisher,"Ministry of Housing, Communities and Local Government",ministry-of-housing-communities-local-government,Red
/right-to-manage-a-guide-for-landlords/notices,guide,publisher,"Ministry of Housing, Communities and Local Government",ministry-of-housing-communities-local-government,Red
/right-to-manage-a-guide-for-landlords/qualifying,guide,publisher,"Ministry of Housing, Communities and Local Government",ministry-of-housing-communities-local-government,Red
/right-to-manage-a-guide-for-landlords/transferring-management-of-the-building,guide,publisher,"Ministry of Housing, Communities and Local Government",ministry-of-housing-communities-local-government,Red
/right-to-shared-ownership,guide,publisher,"Ministry of Housing, Communities and Local Government",ministry-of-housing-communities-local-government,Red
/right-to-shared-ownership/buying-more-shares-staircasing,guide,publisher,"Ministry of Housing, Communities and Local Government",ministry-of-housing-communities-local-government,Red
/right-to-shared-ownership/costs,guide,publisher,"Ministry of Housing, Communities and Local Government",ministry-of-housing-communities-local-government,Red
/right-to-shared-ownership/help-and-advice,guide,publisher,"Ministry of Housing, Communities and Local Government",ministry-of-housing-communities-local-government,Red
/right-to-shared-ownership/how-to-apply,guide,publisher,"Ministry of Housing, Communities and Local Government",ministry-of-housing-communities-local-government,Red
/right-to-shared-ownership/paying-rent,guide,publisher,"Ministry of Housing, Communities and Local Government",ministry-of-housing-communities-local-government,Red
/right-to-shared-ownership/renting-out-all-or-part-of-your-home-subletting,guide,publisher,"Ministry of Housing, Communities and Local Government",ministry-of-housing-communities-local-government,Red
/right-to-shared-ownership/repairs-and-home-improvements,guide,publisher,"Ministry of Housing, Communities and Local Government",ministry-of-housing-communities-local-government,Red
/right-to-shared-ownership/selling-your-home,guide,publisher,"Ministry of Housing, Communities and Local Government",ministry-of-housing-communities-local-government,Red
/right-to-shared-ownership/who-can-apply,guide,publisher,"Ministry of Housing, Communities and Local Government",ministry-of-housing-communities-local-government,Red
/roads-council-will-grit,local_transaction,publisher,Department for Transport,department-for-transport,Red
/roadside-vehicle-checks-for-commercial-drivers,guide,publisher,Driver and Vehicle Standards Agency | Traffic Commissioners for Great Britain,driver-and-vehicle-standards-agency | traffic-commissioners,Red
/roadside-vehicle-checks-for-commercial-drivers/driving-without-a-valid-operators-licence,guide,publisher,Driver and Vehicle Standards Agency | Traffic Commissioners for Great Britain,driver-and-vehicle-standards-agency | traffic-commissioners,Red
/roadside-vehicle-checks-for-commercial-drivers/fines-penalty-points-sanctions,guide,publisher,Driver and Vehicle Standards Agency | Traffic Commissioners for Great Britain,driver-and-vehicle-standards-agency | traffic-commissioners,Red
/roadside-vehicle-checks-for-commercial-drivers/making-sure-your-vehicle-is-roadworthy,guide,publisher,Driver and Vehicle Standards Agency | Traffic Commissioners for Great Britain,driver-and-vehicle-standards-agency | traffic-commissioners,Red
/roadside-vehicle-checks-for-commercial-drivers/roadside-prohibitions,guide,publisher,Driver and Vehicle Standards Agency | Traffic Commissioners for Great Britain,driver-and-vehicle-standards-agency | traffic-commissioners,Red
/roadside-vehicle-checks-for-commercial-drivers/what-happens-if-your-vehicle-is-immobilised,guide,publisher,Driver and Vehicle Standards Agency | Traffic Commissioners for Great Britain,driver-and-vehicle-standards-agency | traffic-commissioners,Red
/rubbish-collection-day,local_transaction,publisher,"Department for Environment, Food & Rural Affairs",department-for-environment-food-rural-affairs,Red
/run-local-bus-service,guide,publisher,Department for Transport | Driver and Vehicle Standards Agency | Traffic Commissioners for Great Britain,department-for-transport | driver-and-vehicle-standards-agency | traffic-commissioners,Red
/run-local-bus-service/bus-service-operators-grant,guide,publisher,Department for Transport | Driver and Vehicle Standards Agency | Traffic Commissioners for Great Britain,department-for-transport | driver-and-vehicle-standards-agency | traffic-commissioners,Red
/run-local-bus-service/changing-or-cancelling-a-bus-service,guide,publisher,Department for Transport | Driver and Vehicle Standards Agency | Traffic Commissioners for Great Britain,department-for-transport | driver-and-vehicle-standards-agency | traffic-commissioners,Red
/run-local-bus-service/concessionary-fares,guide,publisher,Department for Transport | Driver and Vehicle Standards Agency | Traffic Commissioners for Great Britain,department-for-transport | driver-and-vehicle-standards-agency | traffic-commissioners,Red
/run-local-bus-service/exemptions,guide,publisher,Department for Transport | Driver and Vehicle Standards Agency | Traffic Commissioners for Great Britain,department-for-transport | driver-and-vehicle-standards-agency | traffic-commissioners,Red
/run-local-bus-service/how-to-register,guide,publisher,Department for Transport | Driver and Vehicle Standards Agency | Traffic Commissioners for Great Britain,department-for-transport | driver-and-vehicle-standards-agency | traffic-commissioners,Red
/run-local-bus-service/penalties-for-poor-service,guide,publisher,Department for Transport | Driver and Vehicle Standards Agency | Traffic Commissioners for Great Britain,department-for-transport | driver-and-vehicle-standards-agency | traffic-commissioners,Red
/run-local-bus-service/register-a-bus-service-in-london,guide,publisher,Department for Transport | Driver and Vehicle Standards Agency | Traffic Commissioners for Great Britain,department-for-transport | driver-and-vehicle-standards-agency | traffic-commissioners,Red
/run-local-bus-service/traffic-regulation-conditions,guide,publisher,Department for Transport | Driver and Vehicle Standards Agency | Traffic Commissioners for Great Britain,department-for-transport | driver-and-vehicle-standards-agency | traffic-commissioners,Red
/running-food-business,guide,publisher,Food Standards Agency,food-standards-agency,Red
/running-food-business/allergies,guide,publisher,Food Standards Agency,food-standards-agency,Red
/running-food-business/food-inspections,guide,publisher,Food Standards Agency,food-standards-agency,Red
/running-food-business/staff-training-illness-hygiene,guide,publisher,Food Standards Agency,food-standards-agency,Red
/running-food-business/suppliers-and-traceability,guide,publisher,Food Standards Agency,food-standards-agency,Red
/rural-development-programme-for-england,answer,publisher,"Department for Environment, Food & Rural Affairs",department-for-environment-food-rural-affairs,Red
/safe-walking-cycling-routes-school,local_transaction,publisher,Department for Transport,department-for-transport,Red
/scaffolding-rules,answer,publisher,"Ministry of Housing, Communities and Local Government",ministry-of-housing-communities-local-government,Red
/schizo-affective-disorder-and-driving,answer,publisher,Driver and Vehicle Licensing Agency,driver-and-vehicle-licensing-agency,Red
/schizophrenia-and-driving,answer,publisher,Driver and Vehicle Licensing Agency,driver-and-vehicle-licensing-agency,Red
/scotoma-and-driving,answer,publisher,Driver and Vehicle Licensing Agency,driver-and-vehicle-licensing-agency,Red
/scrapped-and-written-off-vehicles,guide,publisher,Driver and Vehicle Licensing Agency | Environment Agency,driver-and-vehicle-licensing-agency | environment-agency,Red
/scrapped-and-written-off-vehicles/insurance-writeoffs,guide,publisher,Driver and Vehicle Licensing Agency | Environment Agency,driver-and-vehicle-licensing-agency | environment-agency,Red
/scrapped-and-written-off-vehicles/where-vehicles-can-be-scrapped,guide,publisher,Driver and Vehicle Licensing Agency | Environment Agency,driver-and-vehicle-licensing-agency | environment-agency,Red
/seafarer-medical-certificates,guide,publisher,Maritime and Coastguard Agency,maritime-and-coastguard-agency,Red
/seafarer-medical-certificates/how-to-apply,guide,publisher,Maritime and Coastguard Agency,maritime-and-coastguard-agency,Red
/seafarer-medical-certificates/suspended-cancelled-or-expired-certificates,guide,publisher,Maritime and Coastguard Agency,maritime-and-coastguard-agency,Red
/seafarer-skills-and-training,answer,publisher,Maritime and Coastguard Agency,maritime-and-coastguard-agency,Red
/seafarer-working-and-living-rights,guide,publisher,Marine Management Organisation | Maritime and Coastguard Agency,marine-management-organisation | maritime-and-coastguard-agency,Red
/seafarer-working-and-living-rights/additional-dangers,guide,publisher,Marine Management Organisation | Maritime and Coastguard Agency,marine-management-organisation | maritime-and-coastguard-agency,Red
/seafarer-working-and-living-rights/conditions-of-employment,guide,publisher,Marine Management Organisation | Maritime and Coastguard Agency,marine-management-organisation | maritime-and-coastguard-agency,Red
/seafarer-working-and-living-rights/health-and-medical-care,guide,publisher,Marine Management Organisation | Maritime and Coastguard Agency,marine-management-organisation | maritime-and-coastguard-agency,Red
/seafarer-working-and-living-rights/living-conditions,guide,publisher,Marine Management Organisation | Maritime and Coastguard Agency,marine-management-organisation | maritime-and-coastguard-agency,Red
/seafarer-working-and-living-rights/maritime-labour-convention,guide,publisher,Marine Management Organisation | Maritime and Coastguard Agency,marine-management-organisation | maritime-and-coastguard-agency,Red
/seafarer-working-and-living-rights/potentially-dangerous-cargo,guide,publisher,Marine Management Organisation | Maritime and Coastguard Agency,marine-management-organisation | maritime-and-coastguard-agency,Red
/seafarer-working-and-living-rights/safe-working-practices,guide,publisher,Marine Management Organisation | Maritime and Coastguard Agency,marine-management-organisation | maritime-and-coastguard-agency,Red
/seafarer-working-and-living-rights/the-human-element,guide,publisher,Marine Management Organisation | Maritime and Coastguard Agency,marine-management-organisation | maritime-and-coastguard-agency,Red
/seafarer-working-and-living-rights/working-conditions,guide,publisher,Marine Management Organisation | Maritime and Coastguard Agency,marine-management-organisation | maritime-and-coastguard-agency,Red
/search-armed-forces-memorial-roll-of-honour,transaction,publisher,Ministry of Defence,ministry-of-defence,Red
/search-house-prices,transaction,publisher,HM Land Registry,land-registry,Red
/search-local-land-charges,answer,publisher,HM Land Registry,land-registry,Red
/search-property-information-land-registry,transaction,publisher,HM Land Registry,land-registry,Red
/search-register-planning-decisions,local_transaction,publisher,"Ministry of Housing, Communities and Local Government",ministry-of-housing-communities-local-government,Red
/seat-belts-law,guide,publisher,Department for Transport,department-for-transport,Red
/seat-belts-law/if-your-vehicle-doesnt-have-seat-belts,guide,publisher,Department for Transport,department-for-transport,Red
/seat-belts-law/when-you-dont-need-to-wear-a-seat-belt,guide,publisher,Department for Transport,department-for-transport,Red
/selling-a-home,guide,publisher,"HM Revenue & Customs | Ministry of Housing, Communities and Local Government",hm-revenue-customs | ministry-of-housing-communities-local-government,Green | Red
/selling-a-home/energy-performance-certificates,guide,publisher,"HM Revenue & Customs | Ministry of Housing, Communities and Local Government",hm-revenue-customs | ministry-of-housing-communities-local-government,Green | Red
/selling-a-home/estate-agents,guide,publisher,"HM Revenue & Customs | Ministry of Housing, Communities and Local Government",hm-revenue-customs | ministry-of-housing-communities-local-government,Green | Red
/selling-a-home/finding-solicitor-conveyancer,guide,publisher,"HM Revenue & Customs | Ministry of Housing, Communities and Local Government",hm-revenue-customs | ministry-of-housing-communities-local-government,Green | Red
/selling-a-home/making-a-complaint,guide,publisher,"HM Revenue & Customs | Ministry of Housing, Communities and Local Government",hm-revenue-customs | ministry-of-housing-communities-local-government,Green | Red
/selling-a-home/offers-negotiations,guide,publisher,"HM Revenue & Customs | Ministry of Housing, Communities and Local Government",hm-revenue-customs | ministry-of-housing-communities-local-government,Green | Red
/selling-a-home/preparing-to-sell,guide,publisher,"HM Revenue & Customs | Ministry of Housing, Communities and Local Government",hm-revenue-customs | ministry-of-housing-communities-local-government,Green | Red
/selling-a-home/selling-property-for-someone-else,guide,publisher,"HM Revenue & Customs | Ministry of Housing, Communities and Local Government",hm-revenue-customs | ministry-of-housing-communities-local-government,Green | Red
/selling-a-home/transferring-ownership-conveyancing,guide,publisher,"HM Revenue & Customs | Ministry of Housing, Communities and Local Government",hm-revenue-customs | ministry-of-housing-communities-local-government,Green | Red
/services-disrupted-severe-weather,local_transaction,publisher,"Ministry of Housing, Communities and Local Government",ministry-of-housing-communities-local-government,Red
/set-up-run-motorcycle-approved-training-body-atb,guide,publisher,Driver and Vehicle Standards Agency,driver-and-vehicle-standards-agency,Red
/set-up-run-motorcycle-approved-training-body-atb/apply-for-cbt-site-authorisation,guide,publisher,Driver and Vehicle Standards Agency,driver-and-vehicle-standards-agency,Red
/set-up-run-motorcycle-approved-training-body-atb/apply-to-become-an-atb,guide,publisher,Driver and Vehicle Standards Agency,driver-and-vehicle-standards-agency,Red
/set-up-run-motorcycle-approved-training-body-atb/documents-for-atbs,guide,publisher,Driver and Vehicle Standards Agency,driver-and-vehicle-standards-agency,Red
/set-up-run-motorcycle-approved-training-body-atb/how-your-atb-is-monitored,guide,publisher,Driver and Vehicle Standards Agency,driver-and-vehicle-standards-agency,Red
/set-up-run-motorcycle-approved-training-body-atb/providing-the-cbt-course,guide,publisher,Driver and Vehicle Standards Agency,driver-and-vehicle-standards-agency,Red
/set-up-run-motorcycle-approved-training-body-atb/rules-for-being-an-atb,guide,publisher,Driver and Vehicle Standards Agency,driver-and-vehicle-standards-agency,Red
/setting-up-an-approved-tachograph-centre,guide,publisher,Driver and Vehicle Licensing Agency | Driver and Vehicle Standards Agency,driver-and-vehicle-licensing-agency | driver-and-vehicle-standards-agency,Red
/setting-up-an-approved-tachograph-centre/costs-and-equipment,guide,publisher,Driver and Vehicle Licensing Agency | Driver and Vehicle Standards Agency,driver-and-vehicle-licensing-agency | driver-and-vehicle-standards-agency,Red
/setting-up-an-approved-tachograph-centre/tachograph-workshop-smart-cards,guide,publisher,Driver and Vehicle Licensing Agency | Driver and Vehicle Standards Agency,driver-and-vehicle-licensing-agency | driver-and-vehicle-standards-agency,Red
/setting-up-an-approved-tachograph-centre/who-can-work-for-you,guide,publisher,Driver and Vehicle Licensing Agency | Driver and Vehicle Standards Agency,driver-and-vehicle-licensing-agency | driver-and-vehicle-standards-agency,Red
/severe-communication-disorders-and-driving,answer,publisher,Driver and Vehicle Licensing Agency,driver-and-vehicle-licensing-agency,Red
/severe-depression-and-driving,answer,publisher,Driver and Vehicle Licensing Agency,driver-and-vehicle-licensing-agency,Red
/severe-memory-problems-and-driving,answer,publisher,Driver and Vehicle Licensing Agency,driver-and-vehicle-licensing-agency,Red
/sgoriau-hylendid-bwyd,guide,publisher,Food Standards Agency,food-standards-agency,Red
/sgoriau-hylendid-bwyd/apelio-egluro-neu-wella-eich-sgor,guide,publisher,Food Standards Agency,food-standards-agency,Red
/sgoriau-hylendid-bwyd/dod-o-hyd-i-sgor-hylendid-bwyd,guide,publisher,Food Standards Agency,food-standards-agency,Red
/shared-ownership-scheme,guide,publisher,Homes England,homes-england,Red
/shared-ownership-scheme/apply,guide,publisher,Homes England,homes-england,Red
/shared-ownership-scheme/buying-more-shares-staircasing,guide,publisher,Homes England,homes-england,Red
/shared-ownership-scheme/costs,guide,publisher,Homes England,homes-england,Red
/shared-ownership-scheme/finding-shared-ownership-home,guide,publisher,Homes England,homes-england,Red
/shared-ownership-scheme/help-advice,guide,publisher,Homes England,homes-england,Red
/shared-ownership-scheme/paying-rent,guide,publisher,Homes England,homes-england,Red
/shared-ownership-scheme/renting-out-your-home-subletting,guide,publisher,Homes England,homes-england,Red
/shared-ownership-scheme/repairs-home-improvements,guide,publisher,Homes England,homes-england,Red
/shared-ownership-scheme/selling-your-home,guide,publisher,Homes England,homes-england,Red
/shared-ownership-scheme/who-can-apply,guide,publisher,Homes England,homes-england,Red
/shipping-dangerous-goods,guide,publisher,Department for Transport,department-for-transport,Red
/shipping-dangerous-goods/dangerous-goods-safety-adviser,guide,publisher,Department for Transport,department-for-transport,Red
/shipping-dangerous-goods/enforcing-and-reporting-,guide,publisher,Department for Transport,department-for-transport,Red
/shipping-dangerous-goods/packaging,guide,publisher,Department for Transport,department-for-transport,Red
/shipping-dangerous-goods/rules-for-different-types-of-transport,guide,publisher,Department for Transport,department-for-transport,Red
/shipping-dangerous-goods/transporting-limited-quantities,guide,publisher,Department for Transport,department-for-transport,Red
/shipping-dangerous-goods/what-are-dangerous-goods,guide,publisher,Department for Transport,department-for-transport,Red
/showing-films-in-public,answer,publisher,"Department for Culture, Media and Sport | Department for Digital, Culture, Media & Sport",department-for-culture-media-and-sport | department-for-digital-culture-media-sport,Red
/sign-up-for-food-safety-alerts,transaction,publisher,Food Standards Agency,food-standards-agency,Red
/small-commercial-vessel-registrations-surveys-inspections,answer,publisher,Department for Transport | Maritime and Coastguard Agency,department-for-transport | maritime-and-coastguard-agency,Red
/smoke-control-area-rules,answer,publisher,"Department for Environment, Food & Rural Affairs",department-for-environment-food-rural-affairs,Red
/smoking-at-work-the-law,answer,publisher,Department of Health and Social Care,department-of-health-and-social-care,Red
/sold-bought-vehicle,simple_smart_answer,publisher,Driver and Vehicle Licensing Agency,driver-and-vehicle-licensing-agency,Red
/sorn-statutory-off-road-notification,guide,publisher,Driver and Vehicle Licensing Agency,driver-and-vehicle-licensing-agency,Red
/sorn-statutory-off-road-notification/motor-traders,guide,publisher,Driver and Vehicle Licensing Agency,driver-and-vehicle-licensing-agency,Red
/special-training-ratings-officers,answer,publisher,Department for Transport | Maritime and Coastguard Agency,department-for-transport | maritime-and-coastguard-agency,Red
/specialist-tests-for-coaches-and-buses,guide,publisher,Driver and Vehicle Standards Agency,driver-and-vehicle-standards-agency,Red
/specialist-tests-for-coaches-and-buses/reduced-emissions-test,guide,publisher,Driver and Vehicle Standards Agency,driver-and-vehicle-standards-agency,Red
/specialist-tests-for-coaches-and-buses/seat-belt-installation-tests,guide,publisher,Driver and Vehicle Standards Agency,driver-and-vehicle-standards-agency,Red
/specialist-tests-for-lorries,guide,publisher,Driver and Vehicle Licensing Agency | Driver and Vehicle Standards Agency,driver-and-vehicle-licensing-agency | driver-and-vehicle-standards-agency,Red
/specialist-tests-for-lorries/change-the-weight-you-can-carry,guide,publisher,Driver and Vehicle Licensing Agency | Driver and Vehicle Standards Agency,driver-and-vehicle-licensing-agency | driver-and-vehicle-standards-agency,Red
/specialist-tests-for-lorries/rpc-and-lec-tests,guide,publisher,Driver and Vehicle Licensing Agency | Driver and Vehicle Standards Agency,driver-and-vehicle-licensing-agency | driver-and-vehicle-standards-agency,Red
/specialist-tests-for-lorries/the-adr-test,guide,publisher,Driver and Vehicle Licensing Agency | Driver and Vehicle Standards Agency,driver-and-vehicle-licensing-agency | driver-and-vehicle-standards-agency,Red
/specialist-tests-for-lorries/the-tir-test,guide,publisher,Driver and Vehicle Licensing Agency | Driver and Vehicle Standards Agency,driver-and-vehicle-licensing-agency | driver-and-vehicle-standards-agency,Red
/speed-limits,answer,publisher,Department for Transport | Driver and Vehicle Standards Agency,department-for-transport | driver-and-vehicle-standards-agency,Red
/speeding-penalties,answer,publisher,Driver and Vehicle Licensing Agency | Ministry of Justice,driver-and-vehicle-licensing-agency | ministry-of-justice,Blue | Red
/spinal-problems-driving,answer,publisher,Driver and Vehicle Licensing Agency,driver-and-vehicle-licensing-agency,Red
/squatting-law,guide,publisher,"HM Land Registry | Ministry of Housing, Communities and Local Government",land-registry | ministry-of-housing-communities-local-government,Red
/squatting-law/remove-squatters,guide,publisher,"HM Land Registry | Ministry of Housing, Communities and Local Government",land-registry | ministry-of-housing-communities-local-government,Red
/squatting-law/squatters-rights-to-property,guide,publisher,"HM Land Registry | Ministry of Housing, Communities and Local Government",land-registry | ministry-of-housing-communities-local-government,Red
/squatting-law/squatting-in-nonresidential-properties,guide,publisher,"HM Land Registry | Ministry of Housing, Communities and Local Government",land-registry | ministry-of-housing-communities-local-government,Red
/squatting-law/stop-squatters-legally-possessing-property,guide,publisher,"HM Land Registry | Ministry of Housing, Communities and Local Government",land-registry | ministry-of-housing-communities-local-government,Red
/squatting-law/where-to-get-help,guide,publisher,"HM Land Registry | Ministry of Housing, Communities and Local Government",land-registry | ministry-of-housing-communities-local-government,Red
/stay-in-home-during-separation-or-divorce,guide,publisher,HM Land Registry,land-registry,Red
/stay-in-home-during-separation-or-divorce/apply-if-the-property-is-registered,guide,publisher,HM Land Registry,land-registry,Red
/stay-in-home-during-separation-or-divorce/apply-if-the-property-is-unregistered,guide,publisher,HM Land Registry,land-registry,Red
/street-name-sign,local_transaction,publisher,"Ministry of Housing, Communities and Local Government",ministry-of-housing-communities-local-government,Red
/stroke-and-driving,answer,publisher,Driver and Vehicle Licensing Agency,driver-and-vehicle-licensing-agency,Red
/subarachnoid-haemorrhage-and-driving,answer,publisher,Driver and Vehicle Licensing Agency,driver-and-vehicle-licensing-agency,Red
/supervise-small-lorry-and-minibus-learner-drivers,answer,publisher,Driver and Vehicle Licensing Agency | Driver and Vehicle Standards Agency,driver-and-vehicle-licensing-agency | driver-and-vehicle-standards-agency,Red
/support-military-bereaved-children,guide,publisher,Ministry of Defence,ministry-of-defence,Red
/support-military-bereaved-children/help-with-your-application,guide,publisher,Ministry of Defence,ministry-of-defence,Red
/support-military-bereaved-children/how-to-apply,guide,publisher,Ministry of Defence,ministry-of-defence,Red
/support-military-bereaved-children/what-youll-get,guide,publisher,Ministry of Defence,ministry-of-defence,Red
/surgery-and-driving,answer,publisher,Driver and Vehicle Licensing Agency,driver-and-vehicle-licensing-agency,Red
/sut-i-bleidleisio,guide,publisher,"Ministry of Housing, Communities and Local Government",ministry-of-housing-communities-local-government,Red
/sut-i-bleidleisio/id-ffotograffig-y-bydd-ei-angen-arnoch,guide,publisher,"Ministry of Housing, Communities and Local Government",ministry-of-housing-communities-local-government,Red
/sut-i-bleidleisio/pleidleisio-drwy-ddirprwy,guide,publisher,"Ministry of Housing, Communities and Local Government",ministry-of-housing-communities-local-government,Red
/sut-i-bleidleisio/pleidleisio-drwyr-post,guide,publisher,"Ministry of Housing, Communities and Local Government",ministry-of-housing-communities-local-government,Red
/sut-i-bleidleisio/pleidleisio-fel-dirprwy-ar-ran-rhywun-arall,guide,publisher,"Ministry of Housing, Communities and Local Government",ministry-of-housing-communities-local-government,Red
/sut-i-bleidleisio/pleidleisio-o-dramor,guide,publisher,"Ministry of Housing, Communities and Local Government",ministry-of-housing-communities-local-government,Red
/sut-i-bleidleisio/pleidleisio-yn-bersonol,guide,publisher,"Ministry of Housing, Communities and Local Government",ministry-of-housing-communities-local-government,Red
/sut-i-ddatrys-anghydfod-rhwng-cymdogion,guide,publisher,HM Land Registry,land-registry,Red
/sut-i-ddatrys-anghydfod-rhwng-cymdogion/cwyno-am-sn-ir-cyngor,guide,publisher,HM Land Registry,land-registry,Red
/sut-i-ddatrys-anghydfod-rhwng-cymdogion/cysylltu-landlord-eich-cymydog,guide,publisher,HM Land Registry,land-registry,Red
/sut-i-ddatrys-anghydfod-rhwng-cymdogion/defnyddio-gwasanaeth-cyfryngu,guide,publisher,HM Land Registry,land-registry,Red
/sut-i-ddatrys-anghydfod-rhwng-cymdogion/galwr-heddlu,guide,publisher,HM Land Registry,land-registry,Red
/sut-i-ddatrys-anghydfod-rhwng-cymdogion/gweithredu-trwyr-llysoedd,guide,publisher,HM Land Registry,land-registry,Red
/sut-i-ddatrys-anghydfod-rhwng-cymdogion/perthi-uchel-coed-a-therfynau,guide,publisher,HM Land Registry,land-registry,Red
/sut-i-ddatrys-anghydfod-rhwng-cymdogion/siarad-ch-cymydog,guide,publisher,HM Land Registry,land-registry,Red
/tablau-cyfraddau-treth-cerbyd,guide,publisher,Driver and Vehicle Licensing Agency,driver-and-vehicle-licensing-agency,Red
/tablau-cyfraddau-treth-cerbyd/cyfraddau-am-gartrefi-modur,guide,publisher,Driver and Vehicle Licensing Agency,driver-and-vehicle-licensing-agency,Red
/tablau-cyfraddau-treth-cerbyd/cyfraddau-am-geir-a-cherbydau-nwyddau-ysgafn-a-gofrestrwyd-cyn-1-mawrth-2001,guide,publisher,Driver and Vehicle Licensing Agency,driver-and-vehicle-licensing-agency,Red
/tablau-cyfraddau-treth-cerbyd/cyfraddau-am-geir-a-gofrestrwyd-ar-neu-ar-ol-1-mawrth-2001,guide,publisher,Driver and Vehicle Licensing Agency,driver-and-vehicle-licensing-agency,Red
/tablau-cyfraddau-treth-cerbyd/cyfraddau-treth-cerbyd-eraill,guide,publisher,Driver and Vehicle Licensing Agency,driver-and-vehicle-licensing-agency,Red
/tachographs,guide,publisher,Driver and Vehicle Licensing Agency | Driver and Vehicle Standards Agency,driver-and-vehicle-licensing-agency | driver-and-vehicle-standards-agency,Red
/tachographs/tachographs-in-light-vehicles,guide,publisher,Driver and Vehicle Licensing Agency | Driver and Vehicle Standards Agency,driver-and-vehicle-licensing-agency | driver-and-vehicle-standards-agency,Red
/tachycardia-and-driving,answer,publisher,Driver and Vehicle Licensing Agency,driver-and-vehicle-licensing-agency,Red
/take-practice-theory-test,answer,publisher,Driver and Vehicle Standards Agency,driver-and-vehicle-standards-agency,Red
/taking-a-lorry-abroad,answer,publisher,Department for Transport | Driver and Vehicle Licensing Agency | Driver and Vehicle Standards Agency,department-for-transport | driver-and-vehicle-licensing-agency | driver-and-vehicle-standards-agency,Red
/taking-vehicles-out-of-uk,guide,publisher,Driver and Vehicle Licensing Agency | HM Revenue & Customs,driver-and-vehicle-licensing-agency | hm-revenue-customs,Green | Red
/taking-vehicles-out-of-uk/for-less-than-12-months,guide,publisher,Driver and Vehicle Licensing Agency | HM Revenue & Customs,driver-and-vehicle-licensing-agency | hm-revenue-customs,Green | Red
/taking-vehicles-out-of-uk/taxes-if-you-buy-new-vehicle-to-take-abroad,guide,publisher,Driver and Vehicle Licensing Agency | HM Revenue & Customs,driver-and-vehicle-licensing-agency | hm-revenue-customs,Green | Red
/taking-your-pet-abroad,guide,publisher,"Animal and Plant Health Agency | Department for Environment, Food & Rural Affairs | Department of Agriculture, Environment and Rural Affairs (Northern Ireland)",animal-and-plant-health-agency | department-for-environment-food-rural-affairs | department-of-agriculture-environment-and-rural-affairs-northern-ireland,Green | Red
/taking-your-pet-abroad/getting-an-animal-health-certificate,guide,publisher,"Animal and Plant Health Agency | Department for Environment, Food & Rural Affairs | Department of Agriculture, Environment and Rural Affairs (Northern Ireland)",animal-and-plant-health-agency | department-for-environment-food-rural-affairs | department-of-agriculture-environment-and-rural-affairs-northern-ireland,Green | Red
/taking-your-pet-abroad/help-and-support,guide,publisher,"Animal and Plant Health Agency | Department for Environment, Food & Rural Affairs | Department of Agriculture, Environment and Rural Affairs (Northern Ireland)",animal-and-plant-health-agency | department-for-environment-food-rural-affairs | department-of-agriculture-environment-and-rural-affairs-northern-ireland,Green | Red
/taking-your-pet-abroad/microchip,guide,publisher,"Animal and Plant Health Agency | Department for Environment, Food & Rural Affairs | Department of Agriculture, Environment and Rural Affairs (Northern Ireland)",animal-and-plant-health-agency | department-for-environment-food-rural-affairs | department-of-agriculture-environment-and-rural-affairs-northern-ireland,Green | Red
/taking-your-pet-abroad/pet-passport,guide,publisher,"Animal and Plant Health Agency | Department for Environment, Food & Rural Affairs | Department of Agriculture, Environment and Rural Affairs (Northern Ireland)",animal-and-plant-health-agency | department-for-environment-food-rural-affairs | department-of-agriculture-environment-and-rural-affairs-northern-ireland,Green | Red
/taking-your-pet-abroad/rabies-vaccinations-and-boosters,guide,publisher,"Animal and Plant Health Agency | Department for Environment, Food & Rural Affairs | Department of Agriculture, Environment and Rural Affairs (Northern Ireland)",animal-and-plant-health-agency | department-for-environment-food-rural-affairs | department-of-agriculture-environment-and-rural-affairs-northern-ireland,Green | Red
/taking-your-pet-abroad/tapeworm-treatment-for-dogs,guide,publisher,"Animal and Plant Health Agency | Department for Environment, Food & Rural Affairs | Department of Agriculture, Environment and Rural Affairs (Northern Ireland)",animal-and-plant-health-agency | department-for-environment-food-rural-affairs | department-of-agriculture-environment-and-rural-affairs-northern-ireland,Green | Red
/taking-your-pet-abroad/travelling-to-a-noneu-country,guide,publisher,"Animal and Plant Health Agency | Department for Environment, Food & Rural Affairs | Department of Agriculture, Environment and Rural Affairs (Northern Ireland)",animal-and-plant-health-agency | department-for-environment-food-rural-affairs | department-of-agriculture-environment-and-rural-affairs-northern-ireland,Green | Red
/taking-your-pet-abroad/travelling-to-northern-ireland,guide,publisher,"Animal and Plant Health Agency | Department for Environment, Food & Rural Affairs | Department of Agriculture, Environment and Rural Affairs (Northern Ireland)",animal-and-plant-health-agency | department-for-environment-food-rural-affairs | department-of-agriculture-environment-and-rural-affairs-northern-ireland,Green | Red
/taliad-niwed-trwy-frechiad,guide,publisher,Department of Health and Social Care | NHS Business Services Authority,department-of-health-and-social-care | nhs-business-services-authority,Red
/taliad-niwed-trwy-frechiad/cymhwyster,guide,publisher,Department of Health and Social Care | NHS Business Services Authority,department-of-health-and-social-care | nhs-business-services-authority,Red
/taliad-niwed-trwy-frechiad/os-ydych-yn-anghytuno-phenderfyniad,guide,publisher,Department of Health and Social Care | NHS Business Services Authority,department-of-health-and-social-care | nhs-business-services-authority,Red
/taliad-niwed-trwy-frechiad/sut-byddwch-yn-cael-eich-talu,guide,publisher,Department of Health and Social Care | NHS Business Services Authority,department-of-health-and-social-care | nhs-business-services-authority,Red
/taliad-niwed-trwy-frechiad/sut-i-wneud-cais,guide,publisher,Department of Health and Social Care | NHS Business Services Authority,department-of-health-and-social-care | nhs-business-services-authority,Red
/talu-dirwy-dvla,transaction,publisher,Driver and Vehicle Licensing Agency,driver-and-vehicle-licensing-agency,Red
/talu-dirwy-ymylffordd-dvsa,transaction,publisher,Driver and Vehicle Standards Agency,driver-and-vehicle-standards-agency,Red
/tanysgrifio-i-rybuddion-diogelwch-bwyd,transaction,publisher,Food Standards Agency,food-standards-agency,Red
/tax-vehicle-without-v11-reminder,answer,publisher,Driver and Vehicle Licensing Agency,driver-and-vehicle-licensing-agency,Red
/taxi-driver-licence,answer,publisher,Department for Transport,department-for-transport,Red
/taxi-vehicle-licence,guide,publisher,Department for Transport,department-for-transport,Red
/taxi-vehicle-licence/apply,guide,publisher,Department for Transport,department-for-transport,Red
/taxi-vehicle-licence/eligibility,guide,publisher,Department for Transport,department-for-transport,Red
/tell-dvla-about-bereavement,guide,publisher,Driver and Vehicle Licensing Agency,driver-and-vehicle-licensing-agency,Red
/tell-dvla-about-bereavement/keeping-the-vehicle,guide,publisher,Driver and Vehicle Licensing Agency,driver-and-vehicle-licensing-agency,Red
/tell-dvla-about-bereavement/selling-the-vehicle,guide,publisher,Driver and Vehicle Licensing Agency,driver-and-vehicle-licensing-agency,Red
/tell-dvla-changed-address,step_by_step_nav,collections-publisher,Driver and Vehicle Licensing Agency,driver-and-vehicle-licensing-agency,Red
/tenancy-deposit-protection,guide,publisher,"Ministry of Housing, Communities and Local Government",ministry-of-housing-communities-local-government,Red
/tenancy-deposit-protection/disputes-and-problems,guide,publisher,"Ministry of Housing, Communities and Local Government",ministry-of-housing-communities-local-government,Red
/tenancy-deposit-protection/get-help-and-advice,guide,publisher,"Ministry of Housing, Communities and Local Government",ministry-of-housing-communities-local-government,Red
/tenancy-deposit-protection/if-your-landlord-doesnt-protect-your-deposit,guide,publisher,"Ministry of Housing, Communities and Local Government",ministry-of-housing-communities-local-government,Red
/tenancy-deposit-protection/information-landlords-must-give-tenants,guide,publisher,"Ministry of Housing, Communities and Local Government",ministry-of-housing-communities-local-government,Red
/terfynau-eich-eiddo,guide,publisher,HM Land Registry,land-registry,Red
/terfynau-eich-eiddo/cywiro-camgymeriad-terfyn-ar-gynllun-teitl,guide,publisher,HM Land Registry,land-registry,Red
/terfynau-eich-eiddo/gwneud-cais-i-gofnodir-union-derfyn,guide,publisher,HM Land Registry,land-registry,Red
/terfynau-eich-eiddo/gwneud-cytundeb-terfyn-gydach-cymydog,guide,publisher,HM Land Registry,land-registry,Red
/terminating-a-commercial-property-lease-early,answer,publisher,"Ministry of Housing, Communities and Local Government",ministry-of-housing-communities-local-government,Red
/theory-test,guide,publisher,Driver and Vehicle Standards Agency,driver-and-vehicle-standards-agency,Red
/theory-test/hazard-perception-test,guide,publisher,Driver and Vehicle Standards Agency,driver-and-vehicle-standards-agency,Red
/theory-test/multiple-choice-questions,guide,publisher,Driver and Vehicle Standards Agency,driver-and-vehicle-standards-agency,Red
/theory-test/pass-mark-and-result,guide,publisher,Driver and Vehicle Standards Agency,driver-and-vehicle-standards-agency,Red
/theory-test/reading-difficulty-disability-or-health-condition,guide,publisher,Driver and Vehicle Standards Agency,driver-and-vehicle-standards-agency,Red
/theory-test/revision-and-practice,guide,publisher,Driver and Vehicle Standards Agency,driver-and-vehicle-standards-agency,Red
/theory-test/what-to-take,guide,publisher,Driver and Vehicle Standards Agency,driver-and-vehicle-standards-agency,Red
/theory-test/when-you-arrive-at-the-test-centre,guide,publisher,Driver and Vehicle Standards Agency,driver-and-vehicle-standards-agency,Red
/time-off-work-public-duties,answer,publisher,"Advisory, Conciliation and Arbitration Service | Department for Business and Trade | Department for Business, Energy & Industrial Strategy | HM Courts & Tribunals Service | Ministry of Defence",acas | department-for-business-and-trade | department-for-business-energy-and-industrial-strategy | hm-courts-and-tribunals-service | ministry-of-defence,Blue | Green | Red | Yellow
/tinted-vehicle-window-rules,answer,publisher,Driver and Vehicle Standards Agency,driver-and-vehicle-standards-agency,Red
/toll-concessions,answer,publisher,Department for Transport | Highways England,department-for-transport | highways-england,Red
/tourettes-syndrome-and-driving,answer,publisher,Driver and Vehicle Licensing Agency,driver-and-vehicle-licensing-agency,Red
/towing-rules,smart_answer,smartanswers,Driver and Vehicle Licensing Agency,driver-and-vehicle-licensing-agency,Red
/towing-with-car,guide,publisher,Department for Transport | Driver and Vehicle Licensing Agency | Driver and Vehicle Standards Agency,department-for-transport | driver-and-vehicle-licensing-agency | driver-and-vehicle-standards-agency,Red
/towing-with-car/american-caravan-or-trailer,guide,publisher,Department for Transport | Driver and Vehicle Licensing Agency | Driver and Vehicle Standards Agency,department-for-transport | driver-and-vehicle-licensing-agency | driver-and-vehicle-standards-agency,Red
/towing-with-car/trailer-and-towing-equipment,guide,publisher,Department for Transport | Driver and Vehicle Licensing Agency | Driver and Vehicle Standards Agency,department-for-transport | driver-and-vehicle-licensing-agency | driver-and-vehicle-standards-agency,Red
/towing-with-car/weight-and-width-limits,guide,publisher,Department for Transport | Driver and Vehicle Licensing Agency | Driver and Vehicle Standards Agency,department-for-transport | driver-and-vehicle-licensing-agency | driver-and-vehicle-standards-agency,Red
/towing-with-motorcycle,answer,publisher,Driver and Vehicle Licensing Agency,driver-and-vehicle-licensing-agency,Red
/track-your-driving-licence-application,guide,publisher,Driver and Vehicle Licensing Agency,driver-and-vehicle-licensing-agency,Red
/track-your-driving-licence-application/14-digits,guide,publisher,Driver and Vehicle Licensing Agency,driver-and-vehicle-licensing-agency,Red
/track-your-driving-licence-application/fp-reference,guide,publisher,Driver and Vehicle Licensing Agency,driver-and-vehicle-licensing-agency,Red
/track-your-part-1-compensation-claim,transaction,publisher,Highways England,highways-england,Red
/trade-licence-plates,guide,publisher,Department for Transport | Driver and Vehicle Licensing Agency,department-for-transport | driver-and-vehicle-licensing-agency,Red
/trade-licence-plates/apply,guide,publisher,Department for Transport | Driver and Vehicle Licensing Agency,department-for-transport | driver-and-vehicle-licensing-agency,Red
/trade-licence-plates/cancel,guide,publisher,Department for Transport | Driver and Vehicle Licensing Agency,department-for-transport | driver-and-vehicle-licensing-agency,Red
/trade-licence-plates/change-name-address,guide,publisher,Department for Transport | Driver and Vehicle Licensing Agency,department-for-transport | driver-and-vehicle-licensing-agency,Red
/trade-licence-plates/renew,guide,publisher,Department for Transport | Driver and Vehicle Licensing Agency,department-for-transport | driver-and-vehicle-licensing-agency,Red
/trade-licence-plates/replace,guide,publisher,Department for Transport | Driver and Vehicle Licensing Agency,department-for-transport | driver-and-vehicle-licensing-agency,Red
/trade-licence-plates/rules,guide,publisher,Department for Transport | Driver and Vehicle Licensing Agency,department-for-transport | driver-and-vehicle-licensing-agency,Red
/traffic-commissioner,guide,publisher,Traffic Commissioners for Great Britain,traffic-commissioners,Red
/traffic-commissioner/appeals,guide,publisher,Traffic Commissioners for Great Britain,traffic-commissioners,Red
/traffic-commissioner/at-the-public-inquiry,guide,publisher,Traffic Commissioners for Great Britain,traffic-commissioners,Red
/traffic-commissioner/being-called-to-a-public-inquiry,guide,publisher,Traffic Commissioners for Great Britain,traffic-commissioners,Red
/traffic-commissioner/decision-and-penalties,guide,publisher,Traffic Commissioners for Great Britain,traffic-commissioners,Red
/traffic-commissioner/further-information,guide,publisher,Traffic Commissioners for Great Britain,traffic-commissioners,Red
/traffic-commissioner/objecting-to-a-licence,guide,publisher,Traffic Commissioners for Great Britain,traffic-commissioners,Red
/traffic-information,answer,publisher,Highways England,highways-england,Red
/trainee-driving-instructor-licence-the-rules,guide,publisher,Driver and Vehicle Standards Agency,driver-and-vehicle-standards-agency,Red
/trainee-driving-instructor-licence-the-rules/options-when-you-apply-for-a-trainee-licence,guide,publisher,Driver and Vehicle Standards Agency,driver-and-vehicle-standards-agency,Red
/trainee-driving-instructor-licence-the-rules/rules-for-using-your-trainee-licence,guide,publisher,Driver and Vehicle Standards Agency,driver-and-vehicle-standards-agency,Red
/trainee-driving-instructor-licence-the-rules/when-your-trainee-licence-runs-out,guide,publisher,Driver and Vehicle Standards Agency,driver-and-vehicle-standards-agency,Red
/training-hgv,guide,publisher,Department for Education | Driver and Vehicle Standards Agency,department-for-education | driver-and-vehicle-standards-agency,Green | Red
/training-hgv/apprenticeships,guide,publisher,Department for Education | Driver and Vehicle Standards Agency,department-for-education | driver-and-vehicle-standards-agency,Green | Red
/training-hgv/driving-schools,guide,publisher,Department for Education | Driver and Vehicle Standards Agency,department-for-education | driver-and-vehicle-standards-agency,Green | Red
/training-hgv/skills-bootcamps,guide,publisher,Department for Education | Driver and Vehicle Standards Agency,department-for-education | driver-and-vehicle-standards-agency,Green | Red
/training-hgv/vocational-qualifications,guide,publisher,Department for Education | Driver and Vehicle Standards Agency,department-for-education | driver-and-vehicle-standards-agency,Green | Red
/transfer-driving-instructor-registration-gb,transaction,publisher,Driver and Vehicle Standards Agency,driver-and-vehicle-standards-agency,Red
/transient-global-amnesia-and-driving,answer,publisher,Driver and Vehicle Licensing Agency,driver-and-vehicle-licensing-agency,Red
/transient-ischaemic-attacks-and-driving,answer,publisher,Driver and Vehicle Licensing Agency,driver-and-vehicle-licensing-agency,Red
/transport-disabled,guide,publisher,Department for Transport | Department for Work and Pensions | Maritime and Coastguard Agency,department-for-transport | department-for-work-pensions | maritime-and-coastguard-agency,Blue | Red
/transport-disabled/cars-buses-and-coaches,guide,publisher,Department for Transport | Department for Work and Pensions | Maritime and Coastguard Agency,department-for-transport | department-for-work-pensions | maritime-and-coastguard-agency,Blue | Red
/transport-disabled/planes,guide,publisher,Department for Transport | Department for Work and Pensions | Maritime and Coastguard Agency,department-for-transport | department-for-work-pensions | maritime-and-coastguard-agency,Blue | Red
/transport-disabled/ships,guide,publisher,Department for Transport | Department for Work and Pensions | Maritime and Coastguard Agency,department-for-transport | department-for-work-pensions | maritime-and-coastguard-agency,Blue | Red
/transport-disabled/taxis-and-minicabs,guide,publisher,Department for Transport | Department for Work and Pensions | Maritime and Coastguard Agency,department-for-transport | department-for-work-pensions | maritime-and-coastguard-agency,Blue | Red
/transport-disabled/wheelchairs,guide,publisher,Department for Transport | Department for Work and Pensions | Maritime and Coastguard Agency,department-for-transport | department-for-work-pensions | maritime-and-coastguard-agency,Blue | Red
/transport-goods-from-uk-by-road,step_by_step_nav,collections-publisher,Department for Transport | Driver and Vehicle Licensing Agency | Driver and Vehicle Standards Agency | HM Revenue & Customs | Traffic Commissioners for Great Britain,department-for-transport | driver-and-vehicle-licensing-agency | driver-and-vehicle-standards-agency | hm-revenue-customs | traffic-commissioners,Green | Red
/travel-disruption-your-rights-at-work,answer,publisher,Department for Transport | Department for Work and Pensions,department-for-transport | department-for-work-pensions,Blue | Red
/treasure,answer,publisher,"Department for Culture, Media and Sport | Department for Digital, Culture, Media & Sport | Treasure Valuation Committee",department-for-culture-media-and-sport | department-for-digital-culture-media-sport | treasure-valuation-committee,Red
/treth-car,transaction,publisher,Driver and Vehicle Licensing Agency,driver-and-vehicle-licensing-agency,Red
/treth-cerbyd-hgv,answer,publisher,Driver and Vehicle Licensing Agency,driver-and-vehicle-licensing-agency,Red
/trethu-cerbyd-heb-nodyn-atgoffa-v11w,answer,publisher,Driver and Vehicle Licensing Agency,driver-and-vehicle-licensing-agency,Red
/tribiwnlys-iechyd-meddwl,guide,publisher,Department of Health and Social Care | HM Courts & Tribunals Service,department-of-health-and-social-care | hm-courts-and-tribunals-service,Blue | Red
/tribiwnlys-iechyd-meddwl/ar-ol-i-chi-wneud-cais,guide,publisher,Department of Health and Social Care | HM Courts & Tribunals Service,department-of-health-and-social-care | hm-courts-and-tribunals-service,Blue | Red
/tribiwnlys-iechyd-meddwl/beth-fydd-yn-digwydd-yn-y-gwrandawiad,guide,publisher,Department of Health and Social Care | HM Courts & Tribunals Service,department-of-health-and-social-care | hm-courts-and-tribunals-service,Blue | Red
/tribiwnlys-iechyd-meddwl/deddfwriaeth,guide,publisher,Department of Health and Social Care | HM Courts & Tribunals Service,department-of-health-and-social-care | hm-courts-and-tribunals-service,Blue | Red
/tribiwnlys-iechyd-meddwl/gwneud-cais-ir-tribiwnlys,guide,publisher,Department of Health and Social Care | HM Courts & Tribunals Service,department-of-health-and-social-care | hm-courts-and-tribunals-service,Blue | Red
/tribiwnlys-iechyd-meddwl/penderfyniad-y-tribiwnlys,guide,publisher,Department of Health and Social Care | HM Courts & Tribunals Service,department-of-health-and-social-care | hm-courts-and-tribunals-service,Blue | Red
/uk-toll-roads,answer,publisher,Highways England,highways-england,Red
/understand-how-your-council-works,guide,publisher,"Ministry of Housing, Communities and Local Government",ministry-of-housing-communities-local-government,Red
/understand-how-your-council-works/decision-making,guide,publisher,"Ministry of Housing, Communities and Local Government",ministry-of-housing-communities-local-government,Red
/understand-how-your-council-works/local-councillors-and-elections,guide,publisher,"Ministry of Housing, Communities and Local Government",ministry-of-housing-communities-local-government,Red
/understand-how-your-council-works/make-a-complaint,guide,publisher,"Ministry of Housing, Communities and Local Government",ministry-of-housing-communities-local-government,Red
/understand-how-your-council-works/spending-and-accounts,guide,publisher,"Ministry of Housing, Communities and Local Government",ministry-of-housing-communities-local-government,Red
/update-approved-driving-instructor-registration,transaction,publisher,Driver and Vehicle Standards Agency,driver-and-vehicle-standards-agency,Red
/update-property-records-someone-dies,guide,publisher,HM Land Registry,land-registry,Red
/use-van-fuel-tools,answer,publisher,Department for Transport | Vehicle Certification Agency,department-for-transport | vehicle-certification-agency,Red
/usher-syndrome-and-driving,answer,publisher,Driver and Vehicle Licensing Agency,driver-and-vehicle-licensing-agency,Red
/using-mobile-phones-when-driving-the-law,answer,publisher,Department for Transport | Driver and Vehicle Licensing Agency,department-for-transport | driver-and-vehicle-licensing-agency,Red
/vaccine-damage-payment,guide,publisher,Department of Health and Social Care | NHS Business Services Authority,department-of-health-and-social-care | nhs-business-services-authority,Red
/vaccine-damage-payment/eligibility,guide,publisher,Department of Health and Social Care | NHS Business Services Authority,department-of-health-and-social-care | nhs-business-services-authority,Red
/vaccine-damage-payment/how-to-claim,guide,publisher,Department of Health and Social Care | NHS Business Services Authority,department-of-health-and-social-care | nhs-business-services-authority,Red
/vaccine-damage-payment/how-you-are-paid,guide,publisher,Department of Health and Social Care | NHS Business Services Authority,department-of-health-and-social-care | nhs-business-services-authority,Red
/vaccine-damage-payment/if-you-disagree-with-a-decision,guide,publisher,Department of Health and Social Care | NHS Business Services Authority,department-of-health-and-social-care | nhs-business-services-authority,Red
/valve-disease-and-driving,answer,publisher,Driver and Vehicle Licensing Agency,driver-and-vehicle-licensing-agency,Red
/vehicle-approval,guide,publisher,Driver and Vehicle Licensing Agency | Driver and Vehicle Standards Agency | Vehicle Certification Agency,driver-and-vehicle-licensing-agency | driver-and-vehicle-standards-agency | vehicle-certification-agency,Red
/vehicle-approval/accessibility-certificate-test,guide,publisher,Driver and Vehicle Licensing Agency | Driver and Vehicle Standards Agency | Vehicle Certification Agency,driver-and-vehicle-licensing-agency | driver-and-vehicle-standards-agency | vehicle-certification-agency,Red
/vehicle-approval/apply-for-individual-vehicle-approval,guide,publisher,Driver and Vehicle Licensing Agency | Driver and Vehicle Standards Agency | Vehicle Certification Agency,driver-and-vehicle-licensing-agency | driver-and-vehicle-standards-agency | vehicle-certification-agency,Red
/vehicle-approval/certificate-of-initial-fitness,guide,publisher,Driver and Vehicle Licensing Agency | Driver and Vehicle Standards Agency | Vehicle Certification Agency,driver-and-vehicle-licensing-agency | driver-and-vehicle-standards-agency | vehicle-certification-agency,Red
/vehicle-approval/exemptions-from-vehicle-approval,guide,publisher,Driver and Vehicle Licensing Agency | Driver and Vehicle Standards Agency | Vehicle Certification Agency,driver-and-vehicle-licensing-agency | driver-and-vehicle-standards-agency | vehicle-certification-agency,Red
/vehicle-approval/individual-vehicle-approval,guide,publisher,Driver and Vehicle Licensing Agency | Driver and Vehicle Standards Agency | Vehicle Certification Agency,driver-and-vehicle-licensing-agency | driver-and-vehicle-standards-agency | vehicle-certification-agency,Red
/vehicle-approval/individual-vehicle-approval-manuals,guide,publisher,Driver and Vehicle Licensing Agency | Driver and Vehicle Standards Agency | Vehicle Certification Agency,driver-and-vehicle-licensing-agency | driver-and-vehicle-standards-agency | vehicle-certification-agency,Red
/vehicle-approval/inspection-fees,guide,publisher,Driver and Vehicle Licensing Agency | Driver and Vehicle Standards Agency | Vehicle Certification Agency,driver-and-vehicle-licensing-agency | driver-and-vehicle-standards-agency | vehicle-certification-agency,Red
/vehicle-approval/motorcycle-single-vehicle-approval,guide,publisher,Driver and Vehicle Licensing Agency | Driver and Vehicle Standards Agency | Vehicle Certification Agency,driver-and-vehicle-licensing-agency | driver-and-vehicle-standards-agency | vehicle-certification-agency,Red
/vehicle-approval/replacement-approval-certificate,guide,publisher,Driver and Vehicle Licensing Agency | Driver and Vehicle Standards Agency | Vehicle Certification Agency,driver-and-vehicle-licensing-agency | driver-and-vehicle-standards-agency | vehicle-certification-agency,Red
/vehicle-approval/voluntary-approval,guide,publisher,Driver and Vehicle Licensing Agency | Driver and Vehicle Standards Agency | Vehicle Certification Agency,driver-and-vehicle-licensing-agency | driver-and-vehicle-standards-agency | vehicle-certification-agency,Red
/vehicle-exempt-from-vehicle-tax,answer,publisher,Driver and Vehicle Licensing Agency,driver-and-vehicle-licensing-agency,Red
/vehicle-insurance,guide,publisher,Department for Transport | Driver and Vehicle Licensing Agency,department-for-transport | driver-and-vehicle-licensing-agency,Red
/vehicle-insurance/driving-abroad,guide,publisher,Department for Transport | Driver and Vehicle Licensing Agency,department-for-transport | driver-and-vehicle-licensing-agency,Red
/vehicle-insurance/driving-without-insurance,guide,publisher,Department for Transport | Driver and Vehicle Licensing Agency,department-for-transport | driver-and-vehicle-licensing-agency,Red
/vehicle-insurance/if-youre-in-an-accident,guide,publisher,Department for Transport | Driver and Vehicle Licensing Agency,department-for-transport | driver-and-vehicle-licensing-agency,Red
/vehicle-insurance/uninsured-vehicles,guide,publisher,Department for Transport | Driver and Vehicle Licensing Agency,department-for-transport | driver-and-vehicle-licensing-agency,Red
/vehicle-log-book,guide,publisher,Driver and Vehicle Licensing Agency,driver-and-vehicle-licensing-agency,Red
/vehicle-log-book/if-you-cannot-apply-online,guide,publisher,Driver and Vehicle Licensing Agency,driver-and-vehicle-licensing-agency,Red
/vehicle-recalls-and-faults,guide,publisher,Department for Transport | Driver and Vehicle Standards Agency,department-for-transport | driver-and-vehicle-standards-agency,Red
/vehicle-recalls-and-faults/faults-with-vehicles-parts-and-accessories,guide,publisher,Department for Transport | Driver and Vehicle Standards Agency,department-for-transport | driver-and-vehicle-standards-agency,Red
/vehicle-recalls-and-faults/recalled-vehicles-parts-accessories,guide,publisher,Department for Transport | Driver and Vehicle Standards Agency,department-for-transport | driver-and-vehicle-standards-agency,Red
/vehicle-recalls-and-faults/report-a-serious-safety-defect,guide,publisher,Department for Transport | Driver and Vehicle Standards Agency,department-for-transport | driver-and-vehicle-standards-agency,Red
/vehicle-registration,guide,publisher,Driver and Vehicle Licensing Agency,driver-and-vehicle-licensing-agency,Red
/vehicle-registration-schemes-for-the-motor-trade,guide,publisher,Department for Transport | Driver and Vehicle Licensing Agency,department-for-transport | driver-and-vehicle-licensing-agency,Red
/vehicle-registration-schemes-for-the-motor-trade/nonsecure-registration-scheme,guide,publisher,Department for Transport | Driver and Vehicle Licensing Agency,department-for-transport | driver-and-vehicle-licensing-agency,Red
/vehicle-registration-schemes-for-the-motor-trade/secure-registration-scheme,guide,publisher,Department for Transport | Driver and Vehicle Licensing Agency,department-for-transport | driver-and-vehicle-licensing-agency,Red
/vehicle-registration/kitbuilt-vehicles,guide,publisher,Driver and Vehicle Licensing Agency,driver-and-vehicle-licensing-agency,Red
/vehicle-registration/kitconverted-vehicles,guide,publisher,Driver and Vehicle Licensing Agency,driver-and-vehicle-licensing-agency,Red
/vehicle-registration/new-and-used-vehicles,guide,publisher,Driver and Vehicle Licensing Agency,driver-and-vehicle-licensing-agency,Red
/vehicle-registration/new-registrations,guide,publisher,Driver and Vehicle Licensing Agency,driver-and-vehicle-licensing-agency,Red
/vehicle-registration/new-registrations-fee,guide,publisher,Driver and Vehicle Licensing Agency,driver-and-vehicle-licensing-agency,Red
/vehicle-registration/old-vehicles,guide,publisher,Driver and Vehicle Licensing Agency,driver-and-vehicle-licensing-agency,Red
/vehicle-registration/q-registration-numbers,guide,publisher,Driver and Vehicle Licensing Agency,driver-and-vehicle-licensing-agency,Red
/vehicle-registration/reconstructed-classic-vehicles,guide,publisher,Driver and Vehicle Licensing Agency,driver-and-vehicle-licensing-agency,Red
/vehicle-registration/repairs-restorations,guide,publisher,Driver and Vehicle Licensing Agency,driver-and-vehicle-licensing-agency,Red
/vehicle-registration/structurally-modified-vehicles,guide,publisher,Driver and Vehicle Licensing Agency,driver-and-vehicle-licensing-agency,Red
/vehicle-registration/vehicle-identification-number,guide,publisher,Driver and Vehicle Licensing Agency,driver-and-vehicle-licensing-agency,Red
/vehicle-tax,transaction,publisher,Driver and Vehicle Licensing Agency,driver-and-vehicle-licensing-agency,Red
/vehicle-tax-advance,answer,publisher,Driver and Vehicle Licensing Agency,driver-and-vehicle-licensing-agency,Red
/vehicle-tax-direct-debit,guide,publisher,Driver and Vehicle Licensing Agency,driver-and-vehicle-licensing-agency,Red
/vehicle-tax-direct-debit/cancelling,guide,publisher,Driver and Vehicle Licensing Agency,driver-and-vehicle-licensing-agency,Red
/vehicle-tax-direct-debit/change-accounts,guide,publisher,Driver and Vehicle Licensing Agency,driver-and-vehicle-licensing-agency,Red
/vehicle-tax-direct-debit/change-address-name,guide,publisher,Driver and Vehicle Licensing Agency,driver-and-vehicle-licensing-agency,Red
/vehicle-tax-direct-debit/change-payments,guide,publisher,Driver and Vehicle Licensing Agency,driver-and-vehicle-licensing-agency,Red
/vehicle-tax-direct-debit/payment-fails,guide,publisher,Driver and Vehicle Licensing Agency,driver-and-vehicle-licensing-agency,Red
/vehicle-tax-direct-debit/renewing,guide,publisher,Driver and Vehicle Licensing Agency,driver-and-vehicle-licensing-agency,Red
/vehicle-tax-hgv,answer,publisher,Department for Transport | Driver and Vehicle Licensing Agency,department-for-transport | driver-and-vehicle-licensing-agency,Red
/vehicle-tax-rate-tables,guide,publisher,Driver and Vehicle Licensing Agency,driver-and-vehicle-licensing-agency,Red
/vehicle-tax-rate-tables/other-vehicle-tax-rates,guide,publisher,Driver and Vehicle Licensing Agency,driver-and-vehicle-licensing-agency,Red
/vehicle-tax-rate-tables/rates-for-cars-and-light-goods-vehicles-registered-before-1-march-2001,guide,publisher,Driver and Vehicle Licensing Agency,driver-and-vehicle-licensing-agency,Red
/vehicle-tax-rate-tables/rates-for-cars-registered-on-or-after-1-march-2001,guide,publisher,Driver and Vehicle Licensing Agency,driver-and-vehicle-licensing-agency,Red
/vehicle-tax-rate-tables/rates-for-motorhomes,guide,publisher,Driver and Vehicle Licensing Agency,driver-and-vehicle-licensing-agency,Red
/vehicle-tax-refund,answer,publisher,Driver and Vehicle Licensing Agency,driver-and-vehicle-licensing-agency,Red
/vehicle-weights-explained,answer,publisher,Department for Transport | Driver and Vehicle Licensing Agency,department-for-transport | driver-and-vehicle-licensing-agency,Red
/vehicles-can-drive,simple_smart_answer,publisher,Driver and Vehicle Licensing Agency,driver-and-vehicle-licensing-agency,Red
/veteran-card,guide,publisher,Ministry of Defence | Office for Veterans' Affairs,ministry-of-defence | office-for-veterans-affairs,Blue | Red
/veteran-card/apply,guide,publisher,Ministry of Defence | Office for Veterans' Affairs,ministry-of-defence | office-for-veterans-affairs,Blue | Red
/veteran-card/get-digital,guide,publisher,Ministry of Defence | Office for Veterans' Affairs,ministry-of-defence | office-for-veterans-affairs,Blue | Red
/veteran-card/replace,guide,publisher,Ministry of Defence | Office for Veterans' Affairs,ministry-of-defence | office-for-veterans-affairs,Blue | Red
/view-driving-licence,transaction,publisher,Driver and Vehicle Licensing Agency,driver-and-vehicle-licensing-agency,Red
/view-right-to-rent,transaction,publisher,"Home Office | Ministry of Housing, Communities and Local Government | UK Visas and Immigration",home-office | ministry-of-housing-communities-local-government | uk-visas-and-immigration,Red | Yellow
/view-vehicle-operator-safety-risk-reports,transaction,publisher,Driver and Vehicle Standards Agency,driver-and-vehicle-standards-agency,Red
/visual-field-defects-and-driving,answer,publisher,Driver and Vehicle Licensing Agency,driver-and-vehicle-licensing-agency,Red
/volunteer-as-a-coastguard,guide,publisher,Maritime and Coastguard Agency,maritime-and-coastguard-agency,Red
/volunteer-as-a-coastguard/how-to-apply,guide,publisher,Maritime and Coastguard Agency,maritime-and-coastguard-agency,Red
/volunteer-as-a-coastguard/what-to-expect-as-a-volunteer,guide,publisher,Maritime and Coastguard Agency,maritime-and-coastguard-agency,Red
/volunteer-as-a-coastguard/who-can-apply,guide,publisher,Maritime and Coastguard Agency,maritime-and-coastguard-agency,Red
/volunteering,guide,publisher,"Department for Culture, Media and Sport | Department for Digital, Culture, Media & Sport",department-for-culture-media-and-sport | department-for-digital-culture-media-sport,Red
/volunteering/pay-and-expenses,guide,publisher,"Department for Culture, Media and Sport | Department for Digital, Culture, Media & Sport",department-for-culture-media-and-sport | department-for-digital-culture-media-sport,Red
/volunteering/volunteers-rights,guide,publisher,"Department for Culture, Media and Sport | Department for Digital, Culture, Media & Sport",department-for-culture-media-and-sport | department-for-digital-culture-media-sport,Red
/volunteering/when-you-can-volunteer,guide,publisher,"Department for Culture, Media and Sport | Department for Digital, Culture, Media & Sport",department-for-culture-media-and-sport | department-for-digital-culture-media-sport,Red
/vote-uk-election,step_by_step_nav,collections-publisher,"Department for Levelling Up, Housing and Communities ",department-for-levelling-up-housing-and-communities,Red
/voting-when-living-abroad,guide,publisher,"Ministry of Housing, Communities and Local Government",ministry-of-housing-communities-local-government,Red
/voting-when-living-abroad/if-youre-in-the-armed-forces-a-crown-servant-or-a-british-council-employee,guide,publisher,"Ministry of Housing, Communities and Local Government",ministry-of-housing-communities-local-government,Red
/voting-when-living-abroad/renew-your-registration-to-vote-from-abroad,guide,publisher,"Ministry of Housing, Communities and Local Government",ministry-of-housing-communities-local-government,Red
/vp-shunts-and-driving,answer,publisher,Driver and Vehicle Licensing Agency,driver-and-vehicle-licensing-agency,Red
/war-pension-armed-forces-compensation-tribunal,guide,publisher,HM Courts & Tribunals Service | Veterans UK,hm-courts-and-tribunals-service | veterans-uk,Blue | Red
/war-pension-armed-forces-compensation-tribunal/after-appeal,guide,publisher,HM Courts & Tribunals Service | Veterans UK,hm-courts-and-tribunals-service | veterans-uk,Blue | Red
/war-pension-armed-forces-compensation-tribunal/how-to-appeal,guide,publisher,HM Courts & Tribunals Service | Veterans UK,hm-courts-and-tribunals-service | veterans-uk,Blue | Red
/war-pension-armed-forces-compensation-tribunal/if-you-lose-appeal,guide,publisher,HM Courts & Tribunals Service | Veterans UK,hm-courts-and-tribunals-service | veterans-uk,Blue | Red
/war-pension-armed-forces-compensation-tribunal/legislation,guide,publisher,HM Courts & Tribunals Service | Veterans UK,hm-courts-and-tribunals-service | veterans-uk,Blue | Red
/war-pension-armed-forces-compensation-tribunal/tribunal-hearing,guide,publisher,HM Courts & Tribunals Service | Veterans UK,hm-courts-and-tribunals-service | veterans-uk,Blue | Red
/war-widow-pension,guide,publisher,Department for Work and Pensions | Ministry of Defence,department-for-work-pensions | ministry-of-defence,Blue | Red
/war-widow-pension/further-information,guide,publisher,Department for Work and Pensions | Ministry of Defence,department-for-work-pensions | ministry-of-defence,Blue | Red
/war-widow-pension/how-to-claim,guide,publisher,Department for Work and Pensions | Ministry of Defence,department-for-work-pensions | ministry-of-defence,Blue | Red
/war-widow-pension/what-youll-get,guide,publisher,Department for Work and Pensions | Ministry of Defence,department-for-work-pensions | ministry-of-defence,Blue | Red
/water-and-sewerage-rates-for-businesses,guide,publisher,"Department for Environment, Food & Rural Affairs",department-for-environment-food-rural-affairs,Red
/water-and-sewerage-rates-for-businesses/choosing-a-supplier,guide,publisher,"Department for Environment, Food & Rural Affairs",department-for-environment-food-rural-affairs,Red
/water-and-sewerage-rates-for-businesses/sewerage-and-effluent,guide,publisher,"Department for Environment, Food & Rural Affairs",department-for-environment-food-rural-affairs,Red
/what-to-do-if-your-vehicle-has-been-stolen,guide,publisher,Driver and Vehicle Licensing Agency | Home Office,driver-and-vehicle-licensing-agency | home-office,Red | Yellow
/what-to-do-if-your-vehicle-has-been-stolen/personalised-registration-number,guide,publisher,Driver and Vehicle Licensing Agency | Home Office,driver-and-vehicle-licensing-agency | home-office,Red | Yellow
/what-to-do-if-your-vehicle-has-been-stolen/vehicle-tax-refund,guide,publisher,Driver and Vehicle Licensing Agency | Home Office,driver-and-vehicle-licensing-agency | home-office,Red | Yellow
/when-mental-health-condition-becomes-disability,answer,publisher,Department for Work and Pensions | Department of Health and Social Care | Government Equalities Office,department-for-work-pensions | department-of-health-and-social-care | government-equalities-office,Blue | Red
/where-registered-disabled-drivers-can-park,local_transaction,publisher,Department for Transport,department-for-transport,Red
/who-is-responsible-for-asbestos-found-in-my-commercial-property,answer,publisher,"Building Regulations Advisory Committee | Health and Safety Executive | Ministry of Housing, Communities and Local Government",building-regulations-advisory-committee | health-and-safety-executive | ministry-of-housing-communities-local-government,Blue | Red
/wolff-parkinson-white-syndrome-and-driving,answer,publisher,Driver and Vehicle Licensing Agency,driver-and-vehicle-licensing-agency,Red
/wood-packaging-import-export,answer,publisher,Forestry Commission | HM Revenue & Customs,forestry-commission | hm-revenue-customs,Green | Red
/workplace-fire-safety-your-responsibilities,guide,publisher,"Department for Business and Trade | Department for Business, Energy & Industrial Strategy | Health and Safety Executive | Ministry of Housing, Communities and Local Government",department-for-business-and-trade | department-for-business-energy-and-industrial-strategy | health-and-safety-executive | ministry-of-housing-communities-local-government,Blue | Green | Red
/workplace-fire-safety-your-responsibilities/enforcement-appeals-and-penalties,guide,publisher,"Department for Business and Trade | Department for Business, Energy & Industrial Strategy | Health and Safety Executive | Ministry of Housing, Communities and Local Government",department-for-business-and-trade | department-for-business-energy-and-industrial-strategy | health-and-safety-executive | ministry-of-housing-communities-local-government,Blue | Green | Red
/workplace-fire-safety-your-responsibilities/fire-risk-assessments,guide,publisher,"Department for Business and Trade | Department for Business, Energy & Industrial Strategy | Health and Safety Executive | Ministry of Housing, Communities and Local Government",department-for-business-and-trade | department-for-business-energy-and-industrial-strategy | health-and-safety-executive | ministry-of-housing-communities-local-government,Blue | Green | Red
/workplace-fire-safety-your-responsibilities/fire-safety-and-evacuation-plans,guide,publisher,"Department for Business and Trade | Department for Business, Energy & Industrial Strategy | Health and Safety Executive | Ministry of Housing, Communities and Local Government",department-for-business-and-trade | department-for-business-energy-and-industrial-strategy | health-and-safety-executive | ministry-of-housing-communities-local-government,Blue | Green | Red
/workplace-fire-safety-your-responsibilities/fire-safety-equipment-drills-and-training,guide,publisher,"Department for Business and Trade | Department for Business, Energy & Industrial Strategy | Health and Safety Executive | Ministry of Housing, Communities and Local Government",department-for-business-and-trade | department-for-business-energy-and-industrial-strategy | health-and-safety-executive | ministry-of-housing-communities-local-government,Blue | Green | Red
/written-off-vehicle,transaction,publisher,Driver and Vehicle Licensing Agency,driver-and-vehicle-licensing-agency,Red
/ychwanegu-categoriau-uwch-at-eich-trwydded-yrru,answer,publisher,Driver and Vehicle Licensing Agency,driver-and-vehicle-licensing-agency,Red
/your-property-boundaries,guide,publisher,HM Land Registry,land-registry,Red
/your-property-boundaries/apply-exact-boundary-determined,guide,publisher,HM Land Registry,land-registry,Red
/your-property-boundaries/boundary-agreement-neighbour,guide,publisher,HM Land Registry,land-registry,Red
/your-property-boundaries/correct-boundary-mistake-title-plan,guide,publisher,HM Land Registry,land-registry,Red
/your-rights-to-housing-if-youre-under-18,answer,publisher,"Ministry of Housing, Communities and Local Government",ministry-of-housing-communities-local-government,Red
/zero-emission-vehicle-grants,guide,publisher,Department for Transport | Office for Low Emission Vehicles,department-for-transport | office-for-low-emission-vehicles,Red
/zero-emission-vehicle-grants/cars,guide,publisher,Department for Transport | Office for Low Emission Vehicles,department-for-transport | office-for-low-emission-vehicles,Red
/zero-emission-vehicle-grants/trucks,guide,publisher,Department for Transport | Office for Low Emission Vehicles,department-for-transport | office-for-low-emission-vehicles,Red
/zero-emission-vehicle-grants/vans,guide,publisher,Department for Transport | Office for Low Emission Vehicles,department-for-transport | office-for-low-emission-vehicles,Red
/zero-emission-vehicle-grants/wheelchair-accessible-vehicles,guide,publisher,Department for Transport | Office for Low Emission Vehicles,department-for-transport | office-for-low-emission-vehicles,Red